90.213	2010844	65066	timeout	alt_xcvr/alt_xcvr_core/nf/tcl/nf_pma_tx_buf_rbc.tcl
90.141	1942428	62057	timeout	alt_xcvr/alt_xcvr_core/nf/tcl/nf_pma_tx_buf_simple.tcl
90.125	717340	38153	timeout	altera_pcie/altera_pcie_s10_hip_ast/nd/tcl/ct1_hssi_x16_pcie_rbc.tcl
90.078	586408	13358	timeout	alt_xcvr/alt_xcvr_core/nf/tcl/nf_hssi_rx_pld_pcs_interface_simple.tcl
90.035	388580	14366	timeout	alt_xcvr/alt_xcvr_core/nf/tcl/nf_hssi_rx_pld_pcs_interface_rbc.tcl
90.031	388580	13199	timeout	alt_xcvr/alt_xcvr_core/nf/tcl/nf_hssi_tx_pld_pcs_interface_rbc.tcl
90.021	586408	12178	timeout	alt_xcvr/alt_xcvr_core/nf/tcl/nf_hssi_tx_pld_pcs_interface_simple.tcl
89.820	586408	22896	ok	alt_xcvr/alt_xcvr_core/nf/tcl/nf_cmu_fpll_rbc.tcl
64.815	586408	17412	ok	alt_xcvr/alt_xcvr_core/nf/tcl/nf_pma_adapt_rbc.tcl
60.039	504012	19300	ok	alt_xcvr/alt_xcvr_core/nf/tcl/nf_cdr_pll_rbc.tcl
55.407	428088	15748	ok	alt_xcvr/alt_xcvr_core/nf/tcl/nf_cdr_pll_simple.tcl
54.537	2010844	20285	ok	altera_pcie/altera_pcie_a10_hip/nf/tcl/nf_hssi_gen3_x8_pcie_hip_rbc.tcl
42.577	428088	12131	ok	alt_xcvr/alt_xcvr_core/nf/tcl/nf_pma_adapt_simple.tcl
42.406	408408	14825	ok	alt_xcvr/alt_xcvr_core/nf/tcl/nf_atx_pll_rbc.tcl
14.084	2010844	3914	ok	vip/ip_library/full_ip/alt_vip_cl_dil/alt_vip_cl_dil_hw.tcl
11.177	246196	6692	ok	alt_xcvr/alt_xcvr_core/nf/tcl/nf_pma_rx_buf_rbc.tcl
10.376	2010844	14307	ok	alt_xcvr/altera_xcvr_pll/altera_xcvr_fpll_vi/tcl/parameters.tcl
10.233	229028	5036	ok	alt_mem_if/alt_mem_if_tcl_packages/gen/uniphy_gen.tcl
9.564	341924	11462	ok	alt_mem_if/alt_mem_if_tcl_packages/gui/ddrx_controller.tcl
8.779	2010844	3281	ok	altera_hps/altera_hps_arria_10/hps_periphs/hps_baum_periphs.tcl
8.293	227272	6583	ok	alt_xcvr/alt_xcvr_core/nf/tcl/nf_cmu_fpll_param_mapping_util.tcl
8.193	2010844	3253	ok	altera_hps/s10/altera_hps_stratix_10/hps_clarke_periphs.tcl
7.909	388580	1993	ok	altera_pcie/altera_pcie_hip_256_avmm/pcie_256_avmm_parameters.tcl
7.850	388580	5071	ok	alt_xcvr/alt_xcvr_core/nf/tcl/nf_pma_rx_buf_simple.tcl
7.789	2010844	6646	ok	altera_modular_adc/top/altera_modular_adc_dual_hw.tcl
7.706	586408	7249	ok	alt_xcvr/alt_xcvr_core/nf/tcl/nf_hssi_param_mapping_util.tcl
7.618	2010844	2553	ok	altera_pcie/altera_pcie_sriov/pcie_sriov_parameters.tcl
7.561	388580	1691	ok	altera_pcie/altera_pcie_av_hip_ast/pcie_av_parameters.tcl
7.051	1942428	1604	ok	altera_pcie/altera_pcie_sv_hip_ast/pcie_sv_parameters.tcl
6.399	2010844	2034	ok	altera_pcie/altera_pcie_av_hip_avmm/pcie_av_avmm_parameters.tcl
6.307	1942428	1574	ok	altera_pcie/altera_pcie_avmm/altera_pcie_internal_hard_ip_qsys_hw.tcl
6.066	253632	1678	ok	altera_pcie/altera_pcie_sv_hip_avmm/pcie_sv_avmm_parameters.tcl
5.854	253632	2628	ok	altera_pcie/altera_pcie_s10_tbed/tbed_pcie_s10_port.tcl
5.837	1942428	1846	ok	altera_jesd204/src/top/altera_jesd204_params.tcl
5.644	253632	1761	ok	altera_pcie/altera_pcie_sv_hip_ast/pcie_sv_parameters_common.tcl
5.249	428088	2415	ok	alt_xcvr/alt_xcvr_core/nf/tcl/nf_hssi_10g_tx_pcs_rbc.tcl
5.095	1942428	1193	ok	vip/ip_library/full_ip/alt_vip_cl_scl/alt_vip_cl_scl_hw.tcl
5.092	253632	4871	ok	altera_modular_adc/top/altera_modular_adc_hw.tcl
5.038	171004	2491	ok	alt_mem_if/alt_mem_if_phys/alt_mem_if_ddr2_phy_core/constraints/memphy_report_timing_core.tcl
4.990	1942428	2284	ok	sdi_ii/sdi_ii_example_design/composed_ed/sdi_ii_ed_v_series.tcl
4.986	202864	2810	ok	alt_xcvr/alt_xcvr_core/nf/tcl/nf_hssi_10g_rx_pcs_rbc.tcl
4.938	2010844	6460	ok	altera_pcie/altera_pcie_a10_hip/altera_pcie_a10_hip_parameters.tcl
4.884	2010844	1934	ok	sdi_ii/sdi_ii_example_design/composed_ed/sdi_ii_ed_arria10.tcl
4.840	171984	2456	ok	alt_mem_if/alt_mem_if_phys/alt_mem_if_ddr3_phy_core/constraints/memphy_report_timing_core.tcl
4.637	2010844	1444	ok	altera_pcie/altera_pcie_avmm/altera_pcie_internal_hard_ip_hw.tcl
4.588	717340	1246	ok	mem/ddrx/source/ddrx.tcl
4.488	586408	1948	ok	alt_xcvr/alt_xcvr_core/nf/tcl/nf_hssi_10g_rx_pcs_simple.tcl
4.390	717340	1002	ok	vip/ip_library/full_ip/alt_vip_cl_2dfir/alt_vip_cl_2dfir_hw.tcl
4.386	1942428	1118	ok	vip/ip_library/full_ip/alt_vip_cl_vfb/alt_vip_cl_vfb_hw.tcl
4.294	202864	2448	ok	alt_xcvr/alt_xcvr_core/nf/tcl/nf_hssi_8g_rx_pcs_rbc.tcl
4.293	227272	2455	ok	alt_xcvr/alt_xcvr_core/nf/tcl/nf_hssi_pipe_gen1_2_rbc.tcl
4.282	253632	1127	ok	vip/ip_library/full_ip/alt_vip_cl_csc/alt_vip_cl_csc_hw.tcl
4.184	171984	2290	ok	alt_mem_if/alt_mem_if_phys/alt_mem_if_ddr2_phy_core/constraints/sv/memphy_report_timing_core.tcl
4.136	1942428	1078	ok	altera_pcie/altera_pcie_av_hip_avmm/pcie_av_avmm_port.tcl
4.086	171004	2295	ok	alt_mem_if/alt_mem_if_phys/alt_mem_if_lpddr2_phy_core/constraints/m10/memphy_report_timing_core.tcl
4.034	246196	1200	ok	altera_hps/altera_hps_arria_10/hps/clock_manager.tcl
3.990	171984	2159	ok	alt_mem_if/alt_mem_if_phys/alt_mem_if_ddr3_phy_core/constraints/acv/memphy_report_timing_core.tcl
3.986	171984	2260	ok	alt_mem_if/alt_mem_if_phys/alt_mem_if_lpddr2_phy_core/constraints/sv/memphy_report_timing_core.tcl
3.963	717340	1460	ok	rs_ii/src/lib/altera_rs_utilities.tcl
3.936	171984	2147	ok	alt_mem_if/alt_mem_if_phys/alt_mem_if_lpddr2_phy_core/constraints/acv/memphy_report_timing_core.tcl
3.935	171004	2350	ok	alt_mem_if/alt_mem_if_phys/alt_mem_if_ddr3_phy_core/constraints/sv/memphy_report_timing_core.tcl
3.930	171984	2300	ok	alt_mem_if/alt_mem_if_phys/alt_mem_if_ddr2_phy_core/constraints/m10/memphy_report_timing_core.tcl
3.881	202864	3394	ok	alt_mem_if/alt_mem_if_tcl_packages/gui/common_ddr_mem_model.tcl
3.880	1942428	1229	ok	altera_pcie/altera_pcie_sriov/pcie_sriov_ports.tcl
3.854	1942428	1154	ok	altera_pcie/altera_pcie_av_hip_ast/pcie_av_port.tcl
3.832	171984	2093	ok	alt_mem_if/alt_mem_if_phys/alt_mem_if_rldram3_phy_core/constraints/sv/memphy_report_timing_core.tcl
3.830	171004	2304	ok	alt_mem_if/alt_mem_if_phys/alt_mem_if_ddr3_phy_core/constraints/m10/memphy_report_timing_core.tcl
3.776	2010844	876	ok	altera_pcie/altera_pcie_av_hip_ast/pcie_av_parameters_common.tcl
3.762	428088	1821	ok	alt_xcvr/alt_xcvr_core/nf/tcl/nf_hssi_tx_pcs_pma_interface_rbc.tcl
3.753	717340	2177	ok	hps/altera_hps/clock_manager.tcl
3.735	227116	5354	ok	alt_mem_if/alt_mem_if_tcl_packages/gui/common_ddrx_phy.tcl
3.735	171004	2093	ok	alt_mem_if/alt_mem_if_phys/alt_mem_if_lpddr_phy_core/constraints/sv/memphy_report_timing_core.tcl
3.730	160108	2161	ok	alt_mem_if/alt_mem_if_phys/alt_mem_if_ddr2_phy_core/constraints/acv/memphy_report_timing_core.tcl
3.665	253632	477	ok	vip/ip_library/full_ip/alt_vip_cl_fb_switch/alt_vip_cl_fb_switch_hw.tcl
3.658	253632	667	ok	vip/ip_library/full_ip/alt_vip_cl_cvo/alt_vip_cl_cvo_hw.tcl
3.628	253632	3944	ok	hps/altera_hps/altera_hps_hw.tcl
3.544	171984	1871	ok	alt_mem_if/alt_mem_if_phys/alt_mem_if_lpddr_phy_core/constraints/acv/memphy_report_timing_core.tcl
3.498	2010844	1149	ok	altera_hps/s10/altera_hps_stratix_10/clock_manager.tcl
3.493	388580	726	ok	altera_pcie/altera_pcie_a10_ed/genq6/ep_g2x8_avmm128.q6.tcl
3.482	717340	1355	ok	altera_pcie/altera_pcie_sv_hip_ast/pcie_sv_port.tcl
3.482	202864	2095	ok	alt_xcvr/alt_xcvr_core/nf/tcl/nf_hssi_common_pcs_pma_interface_rbc.tcl
3.481	2010844	1327	ok	altera_pcie/altera_pcie_hip_256_avmm/pcie_256_avmm_port.tcl
3.478	162904	1930	ok	alt_mem_if/alt_mem_if_phys/alt_mem_if_rldramii_phy_core/constraints/acv/memphy_report_timing_core.tcl
3.473	388580	3788	ok	alt_xcvr/altera_xcvr_native_phy/altera_xcvr_native_vi/tcl/parameters.tcl
3.369	1942428	697	ok	altera_pcie/altera_pcie_a10_ed/genq6/ep_g2x4_avmm64.q6.tcl
3.345	717340	1004	ok	vip/ip_library/full_ip/alt_vip_cl_cps/alt_vip_cl_cps_hw.tcl
3.318	253632	814	ok	vip/ip_library/full_ip/alt_vip_cl_crs/alt_vip_cl_crs_hw.tcl
3.257	253632	1769	ok	ethernet/altera_eth_tse/altera_eth_tse_conf.tcl
3.247	253632	603	ok	altera_pcie/altera_pcie_a10_ed/genq6/ep_g1x8_avmm64.q6.tcl
3.178	2010844	871	ok	sdi_ii/sdi_ii/sdi_ii_params.tcl
3.146	1942428	595	ok	altera_pcie/altera_pcie_a10_ed/genq6/ep_g3x8_avmm256.q6.tcl
3.142	717340	909	ok	ethernet/alt_em10g32/MAC/alt_em10g32_validate.tcl
3.135	2010844	3054	ok	altera_pcie/altera_pcie_a10_hip/altera_pcie_a10_hip_fileset.tcl
3.124	246196	751	ok	altera_gpio_lite/altera_gpio_lite_hw_extra.tcl
3.119	253632	779	ok	emif/ip_arch_nf/timing/memphy_report_timing_core.tcl
3.078	1942428	1505	ok	altera_iopll/top/altera_iopll_hw_validation.tcl
3.069	253632	959	ok	altera_sl3/src/top/altera_sl3_params.tcl
3.066	1942428	850	ok	altera_pcie/altera_pcie_sriov_dma_avmm/sriov_dma_256_avmm_ports.tcl
3.065	586408	1561	ok	alt_xcvr/alt_xcvr_core/nf/tcl/nf_hssi_8g_rx_pcs_simple.tcl
3.029	2010844	3443	ok	alt_xcvr/altera_xcvr_native_phy/altera_xcvr_native_s10/tcl/parameters.tcl
3.029	175168	1860	ok	alt_mem_if/alt_mem_if_phys/alt_mem_if_rldramii_phy_core/constraints/memphy_report_timing_core.tcl
3.026	246196	1861	ok	alt_xcvr/alt_xcvr_core/nf/tcl/nf_pma_rx_dfe_rbc.tcl
2.990	2010844	1016	ok	altera_pcie/altera_pcie_a10_tbed/tbed_pcie_a10_port.tcl
2.978	717340	1081	ok	altera_pcie/altera_pcie_sv_hip_avmm/pcie_sv_avmm_port.tcl
2.960	2010844	1826	ok	altera_iopll/common/altera_iopll_hw_update_callbacks.tcl
2.928	162456	1632	ok	alt_mem_if/alt_mem_if_phys/alt_mem_if_qdrii_phy_core/constraints/memphy_report_timing_core.tcl
2.858	428088	1252	ok	alt_xcvr/alt_xcvr_core/nf/tcl/nf_hssi_rx_pcs_pma_interface_rbc.tcl
2.843	175168	1541	ok	alt_mem_if/alt_mem_if_phys/alt_mem_if_qdrii_phy_core/constraints/acv/memphy_report_timing_core.tcl
2.836	2010844	888	ok	altera_pcie/altera_pcie_sriov_dma_avmm/sriov_dma_256_avmm_parameters.tcl
2.819	253632	448	ok	dsp/altera_cic_ii/src/tcl_libs/altera_cic_ii_parameters.tcl
2.794	253632	957	ok	altera_pcie_pipe/xcvr_generic/altera_xcvr_pipe_common.tcl
2.787	253632	521	ok	altera_pcie/altera_pcie_a10_ed/genq6/ep_g3x8_avmm256_integrated.q6.tcl
2.777	162904	1741	ok	alt_mem_if/alt_mem_if_phys/alt_mem_if_rldramii_phy_core/constraints/sv/memphy_report_timing_core.tcl
2.768	388580	963	ok	altera_pcie/altera_pcie_avmm/pcie_parameters.tcl
2.757	2010844	2157	ok	altera_iopll_common/tcl/iopll.tcl
2.740	246196	3814	ok	altera_dp/src/altera_dp_hw.tcl
2.731	227272	1593	ok	alt_xcvr/alt_xcvr_core/nf/tcl/nf_hssi_10g_tx_pcs_simple.tcl
2.730	1942428	592	ok	ethernet/alt_em10g32/example_design/LL10G_10G_USXGMII/simulation/ed_sim/synopsys/vcs/vcs_wave.tcl
2.729	2010844	791	ok	vip/ip_library/full_ip/alt_vip_cl_mixer/alt_vip_cl_mixer_hw.tcl
2.679	717340	649	ok	altera_xcvr_8g_custom/xcvr_generic/xcvr_custom_phy_parameters.tcl
2.675	253632	449	ok	altera_pcie/altera_pcie_a10_ed/genq6/ep_g2x2.q6.tcl
2.665	388580	550	ok	altera_pcie/altera_pcie_s10_ed/ast2avmm_bridge_256/ast2avmm_bridge_256_ports.tcl
2.656	253632	412	ok	vip/ip_library/component_ip/alt_vip_cvi_core/alt_vip_cvi_core_hw.tcl
2.640	1942428	449	ok	altera_pcie/altera_pcie_a10_ed/genq6/ep_g1x8.q6.tcl
2.633	1942428	587	ok	seriallite_iii/src/params.tcl
2.625	175168	1471	ok	alt_mem_if/alt_mem_if_phys/alt_mem_if_qdrii_phy_core/constraints/sv/memphy_report_timing_core.tcl
2.606	253632	459	ok	altera_pcie/altera_pcie_a10_ed/genq6/ep_g2x8.q6.tcl
2.603	388580	739	ok	altera_pcie/altera_pcie_hip_ast_tbed/tbed_pcie_sv_port.tcl
2.597	1942428	524	ok	altera_hdmi/src/common/altera_hdmi_interface.tcl
2.581	2010844	601	ok	vip/ip_library/full_ip/alt_vip_cl_crs/alt_vip_cl_crs_var_to_422_hw.tcl
2.576	158556	1771	ok	alt_mem_if/alt_mem_if_phys/alt_mem_if_civ_ddr2_phy/constraints/memphy_report_timing_core.tcl
2.576	152144	958	ok	alt_interlaken/alt_interlaken_pcs/sv_xcvr_interlaken_common.tcl
2.553	428088	1091	ok	alt_xcvr/alt_xcvr_core/nf/tcl/nf_hssi_8g_tx_pcs_rbc.tcl
2.536	1942428	1283	ok	altera_onchip_flash/altera_onchip_flash/altera_onchip_flash_hw_proc.tcl
2.534	253632	735	ok	university_program/audio_video/altera_up_avalon_audio_and_video_config/altera_up_avalon_audio_and_video_config_hw.tcl
2.528	2010844	465	ok	vip/ip_library/full_ip/alt_vip_cl_cvi/alt_vip_cl_cvi_hw.tcl
2.513	253632	532	ok	altera_pcie/altera_pcie_a10_ed/genq6/ep_g1x1.q6.tcl
2.511	388580	449	ok	altera_pcie/altera_pcie_a10_ed/genq6/rp_g1x4.q6.tcl
2.499	1942428	449	ok	altera_pcie/altera_pcie_a10_ed/genq6/ep_g2x1_cvp.q6.tcl
2.498	1942428	430	ok	ethernet/alt_em10g32/example_design/LL10G_1G_10G_LINESIDE_1588v2/simulation/ed_sim/synopsys/vcs/vcs_wave.tcl
2.497	388580	449	ok	altera_pcie/altera_pcie_a10_ed/genq6/ep_g1x4.q6.tcl
2.489	717340	610	ok	vip/ip_library/component_ip/utility/alt_vip_packet_transfer/alt_vip_packet_transfer_hw.tcl
2.482	341924	514	ok	alt_pma/source/altera_xcvr_low_latency_phy/xcvr_low_latency_params.tcl
2.482	1942428	590	ok	altera_pcie/altera_pcie_a10_ed/ast2avmm_bridge_256/ast2avmm_bridge_256_ports.tcl
2.478	2010844	594	ok	vip/ip_library/full_ip/alt_vip_cl_crs/alt_vip_cl_crs_422_to_var_hw.tcl
2.475	1942428	449	ok	altera_pcie/altera_pcie_a10_ed/genq6/ep_g3x2.q6.tcl
2.448	1942428	558	ok	alt_xcvr/altera_xcvr_native_phy/altera_xcvr_native_s10/tcl/interfaces.tcl
2.444	388580	449	ok	altera_pcie/altera_pcie_a10_ed/genq6/ep_g2x1.q6.tcl
2.439	1942428	466	ok	soft_processor/altera_hal2/altera_hal_sw.tcl
2.418	388580	404	ok	altera_pcie/altera_pcie_a10_ed/genq6/cfbp_g1x8_ast64.q6.tcl
2.411	253632	449	ok	altera_pcie/altera_pcie_a10_ed/genq6/ep_g1x2.q6.tcl
2.404	1942428	451	ok	altera_pcie/altera_pcie_a10_ed/genq6/sriov_top_target_gen3_x8_256b_2pf_128vf.q6.tcl
2.396	586408	1289	ok	alt_xcvr/alt_xcvr_core/nf/tcl/nf_hssi_common_pcs_pma_interface_simple.tcl
2.388	1942428	2572	ok	altera_jesd204/ed/ed_sim/scripts/ed_hw.tcl
2.380	388580	449	ok	altera_pcie/altera_pcie_a10_ed/genq6/ep_g1x1_625MHz.q6.tcl
2.378	2010844	485	ok	vip/ip_library/component_ip/alt_vip_cvo_core/alt_vip_cvo_core_hw.tcl
2.377	1942428	537	ok	vip/ip_library/full_ip/alt_vip_cl_crs/alt_vip_cl_crs_var_to_444_hw.tcl
2.367	1942428	931	ok	alt_xcvr/altera_xcvr_pll/altera_xcvr_atx_pll_vi/tcl/pll_calculations.tcl
2.358	1942428	2975	ok	altera_hps/altera_hps_arria_10/hps/altera_hps_arria10_hw.tcl
2.356	253632	288	ok	iconnect/alt_hiconnect_axi_trans/axi_interface.tcl
2.352	253632	427	ok	vip/ip_library/component_ip/utility/alt_vip_line_buffer/alt_vip_line_buffer_hw.tcl
2.338	253632	1756	ok	emif/ip_arch_nf/ddr3.tcl
2.331	253632	529	ok	pgm/altera_asmi_parallel2/asmi_top/altera_asmi_parallel2_ui_configuration.tcl
2.324	1942428	779	ok	emif/ip_arch_nd/timing/memphy_report_timing_core.tcl
2.301	388580	501	ok	altera_pcie/altera_pcie_a10_ed/genq6/ep_g3x4_avmm128_integrated.q6.tcl
2.282	717340	691	ok	vip/ip_library/full_ip/alt_vip_cl_tpg/alt_vip_cl_tpg_hw.tcl
2.281	717340	710	ok	university_program/input_output/altera_up_avalon_parallel_port/altera_up_avalon_parallel_port_hw.tcl
2.277	717340	2667	ok	altera_pll/source/top/pll_hw_extra.tcl
2.273	1942428	514	ok	vip/ip_library/full_ip/alt_vip_cl_crs/alt_vip_cl_crs_444_to_var_hw.tcl
2.271	253632	286	ok	vip/ip_library/component_ip/utility/alt_vip_control_slave/alt_vip_control_slave_hw.tcl
2.266	1942428	430	ok	ethernet/alt_em10g32/example_design/LL10G_1G_2_5G_1588v2/simulation/ed_sim/synopsys/vcs/vcs_wave.tcl
2.255	246196	347	ok	altera_hdmi/src/common/altera_hdmi_params.tcl
2.247	1942428	850	ok	altera_pll/source/top/pll_reconfig_util.tcl
2.243	388580	2437	ok	altera_hps/s10/altera_hps_stratix_10/altera_hps_stratix_10_hw.tcl
2.193	388580	449	ok	altera_pcie/altera_pcie_a10_ed/genq6/ep_g2x4.q6.tcl
2.189	246196	1877	ok	alt_xcvr/alt_xcvr_tcl_packages/ip_tcl/ip_module.tcl
2.176	717340	446	ok	dsp/altera_cic_ii/src/tcl_libs/altera_cic_parameters.tcl
2.176	175168	1304	ok	alt_mem_if/alt_mem_if_phys/common/constraints/memphy_common_pin_map.tcl
2.174	1942428	519	ok	vip/ip_library/full_ip/alt_vip_cl_clp/alt_vip_cl_clp_hw.tcl
2.165	253632	1685	ok	ethernet/alt_eth_ultra/hwtcl/fileset.tcl
2.159	586408	729	ok	alt_xcvr/alt_xcvr_core/nf/tcl/nf_pma_cgb_rbc.tcl
2.158	253632	487	ok	altera_pcie/altera_pcie_target_sriov_ed/pcie_sriov_target_app_ports.tcl
2.153	1942428	430	ok	ethernet/alt_em10g32/example_design/LL10G_1G_2_5G_10G/simulation/ed_sim/synopsys/vcs/vcs_wave.tcl
2.146	388580	460	ok	altera_mult_add/source/top/altera_mult_add_ui_rules.tcl
2.132	717340	1927	ok	emif/ip_arch_nf/ddr4.tcl
2.127	2010844	783	ok	dsp/altera_vit_ii/src/tcl_libs/altera_vit_ii_parameters.tcl
2.096	1942428	398	ok	altera_pcie/altera_pcie_a10_ed/genq6/ep_g1x1avmm_cvp.q6.tcl
2.089	253632	522	ok	altera_pcie/altera_pcie_a10_ed/rd_pcie_a10_port.tcl
2.086	253632	449	ok	altera_pcie/altera_pcie_a10_ed/genq6/ep_g3x4.q6.tcl
2.077	2010844	514	ok	altera_pcie/altera_pcie_a10_ed/genq6/ep_g2x1_avmm64.q6.tcl
2.076	717340	3516	ok	ethernet/altera_eth_tse/altera_eth_tse_hw.tcl
2.076	1942428	583	ok	university_program/audio_video/video/altera_up_avalon_video_clipper/altera_up_avalon_video_clipper_hw.tcl
2.073	253632	38	ok	sld/core/altera_super_splitter/altera_sld_splitter_hw.tcl
2.073	2010844	832	ok	altera_parallel_flash_loader/altera_parallel_flash_loader_ui_settings.tcl
2.073	1942428	2407	ok	dsp/altera_fxp_functions/altera_fxp_functions_hw.tcl
2.053	586408	693	ok	alt_xcvr/alt_xcvr_core/nf/tcl/nf_hssi_krfec_rx_pcs_rbc.tcl
2.045	388580	1329	ok	altera_iopll/top/altera_iopll_hw_generation.tcl
2.041	253632	572	ok	altera_ufm/altera_ufm_i2c/altera_ufm_i2c_hw_proc.tcl
2.039	253632	500	ok	university_program/audio_video/video/altera_up_avalon_video_scaler/altera_up_avalon_video_scaler_hw.tcl
2.029	717340	439	ok	vip/ip_library/full_ip/alt_vip_cl_gamma_corrector/alt_vip_cl_gamma_corrector_hw.tcl
2.029	2010844	514	ok	altera_pcie/altera_pcie_a10_ed/genq6/ep_g2x4_avmm128.q6.tcl
2.026	2010844	449	ok	altera_pcie/altera_pcie_a10_ed/genq6/ep_g3x1.q6.tcl
2.025	2010844	2035	ok	emif/ip_top/mem/ddr4.tcl
2.023	2010844	514	ok	altera_pcie/altera_pcie_a10_ed/genq6/ep_g1x1_avmm64.q6.tcl
2.022	388580	1280	ok	alt_xcvr/alt_xcvr_core/nf/tcl/nf_pma_rx_dfe_simple.tcl
2.014	253632	271	ok	vip/ip_library/full_ip/alt_vip_cl_interlacer/alt_vip_cl_interlacer_hw.tcl
2.004	717340	372	ok	ethernet/alt_em10g32/example_design/LL10G_1G_10G_LINESIDE/simulation/ed_sim/synopsys/vcs/vcs_wave.tcl
2.002	253632	1942	ok	emif/ip_arch_nd/ddr4.tcl
1.992	1942428	404	ok	altera_pcie/altera_pcie_a10_ed/genq6/cfbp_g3x8_ast256.q6.tcl
1.990	253632	586	ok	ethernet/alt_eth_ultra/example_project/hwtest/altera/alt_aeu_40/eth_ultra_stats_inc.tcl
1.977	227272	1245	ok	alt_xcvr/alt_xcvr_core/nf/tcl/nf_hssi_tx_pcs_pma_interface_simple.tcl
1.977	2010844	449	ok	altera_pcie/altera_pcie_a10_ed/genq6/rp_g1x8.q6.tcl
1.976	1942428	578	ok	sdi_ii/sdi_ii/sdi_ii_qsys_ed.tcl
1.975	253632	624	ok	pgm/altera_parallel_flash_loader_2/altera_parallel_flash_loader_2/altera_parallel_flash_loader_2_hw_proc.tcl
1.974	246196	1074	ok	alt_xcvr/alt_xcvr_core/nf/tcl/nf_pma_rx_sd_rbc.tcl
1.974	2010844	506	ok	altera_pcie/altera_pcie_a10_ed/genq6/ep_g1x4_avmm64.q6.tcl
1.973	2010844	413	ok	ethernet/alt_em10g32/MAC/alt_em10g32_conf.tcl
1.957	246196	1472	ok	altera_jesd204/src/lib/debug_stp/build_stp.tcl
1.952	253632	373	ok	university_program/communication/altera_up_avalon_rs232/altera_up_avalon_rs232_hw.tcl
1.938	388580	496	ok	altera_dp/src/altera_dp_qsys_ed.tcl
1.932	1942428	219	ok	altera_pcie/altera_pcie_a10_ed/rd_pcie_a10_parameters.tcl
1.925	2010844	449	ok	altera_pcie/altera_pcie_a10_ed/genq6/ep_g3x8.q6.tcl
1.907	253632	1443	ok	altera_phylite/ip_arch_nf/timing/memphy_pin_map.tcl
1.899	246196	1628	ok	altera_iopll/common/altera_iopll_util.tcl
1.899	2010844	1666	ok	altera_jesd204/src/top/altera_jesd204_hw.tcl
1.895	253632	391	ok	university_program/input_output/altera_up_avalon_adc/altera_up_avalon_adc_hw.tcl
1.884	717340	430	ok	ethernet/alt_em10g32/example_design/LL10G_1G_2_5G/simulation/ed_sim/synopsys/vcs/vcs_wave.tcl
1.881	717340	389	ok	vip/ip_library/full_ip/alt_vip_cl_stream_cleaner/alt_vip_cl_stream_cleaner_hw.tcl
1.876	1942428	372	ok	pgm/altera_asmi_parallel2/asmi_top/altera_asmi_parallel2_hw_proc.tcl
1.873	1942428	1807	ok	emif/ip_arch_nd/ddr3.tcl
1.871	1942428	486	ok	vip/ip_library/full_ip/alt_vip_cl_guard_bands/alt_vip_cl_guard_bands_hw.tcl
1.838	253632	288	ok	merlin/altera_merlin_axi_translator/axi_interface.tcl
1.829	717340	2207	ok	seriallite_iii/src/seriallite_iii.tcl
1.829	1942428	430	ok	ethernet/alt_em10g32/example_design/LL10G_LINESIDE_1588v2/simulation/ed_sim/synopsys/vcs/vcs_wave.tcl
1.828	1942428	488	ok	pgm/intel_generic_serial_flash_interface/intel_generic_serial_flash_interface_top/intel_generic_serial_flash_interface_top_hw_proc.tcl
1.825	175168	2552	ok	alt_interlaken_hp/ilk_top/ilk_core_hw.tcl
1.788	246196	883	ok	alt_xcvr/altera_xcvr_pll/altera_xcvr_atx_pll_s10/tcl/pll_calculations.tcl
1.783	2010844	47	ok	sld/core/altera_ocp_fabric/altera_ocp_fabric_hw.tcl
1.780	428088	419	ok	alt_xcvr/alt_xcvr_core/nf/tcl/nf_cmu_fpll_refclk_select_mux_rbc.tcl
1.780	171984	1758	ok	alt_mem_if/alt_mem_if_phys/alt_mem_if_ddr2_phy_core/constraints/memphy_pin_map.tcl
1.776	180756	2082	ok	alt_mem_if/alt_mem_if_tcl_packages/gen/uniphy_interfaces.tcl
1.775	2010844	502	ok	university_program/audio_video/video/altera_up_avalon_video_dma_controller/altera_up_avalon_video_dma_controller_hw.tcl
1.773	717340	969	ok	sdi_ii/sdi_ii/sdi_ii_interface.tcl
1.773	227116	2142	ok	alt_mem_if/alt_mem_if_tcl_packages/gui/common_rldram_phy.tcl
1.773	202864	1122	ok	alt_pma/source/altera_xcvr_low_latency_phy/xcvr_low_latency_val_params.tcl
1.772	717340	1850	ok	hps/util/procedures.tcl
1.771	202864	1478	ok	alt_mem_if/alt_mem_if_tcl_packages/util/iptclgen.tcl
1.748	2010844	1667	ok	altera_hmcc_mtaps/altera_hmcc_mtaps/altera_hmcc_mtaps_hw.tcl
1.746	253632	752	ok	emif/ip_arch_nd/seq_param_tbl.tcl
1.732	171984	1627	ok	alt_mem_if/alt_mem_if_phys/alt_mem_if_civ_ddr2_phy/constraints/memphy_pins.tcl
1.727	2010844	2044	ok	dsp/altera_fp_functions/source/altera_fp_hw.tcl
1.725	717340	387	ok	altera_xcvr_det_latency/soft_pcs/altera_xcvr_dl_soft_pcs_parameters.tcl
1.724	202864	1329	ok	alt_xcvr/alt_xcvr_core/nf/tcl/nf_hssi_pipe_gen1_2_simple.tcl
1.723	2010844	404	ok	altera_pcie/altera_pcie_a10_ed/genq6/cfbp_g2x8_ast128.q6.tcl
1.723	171984	1679	ok	alt_mem_if/alt_mem_if_phys/alt_mem_if_lpddr_phy_core/constraints/sv/memphy_pin_map.tcl
1.722	253632	29	ok	sld/core/altera_instrumentation_mirror/altera_instrumentation_mirror_hw.tcl
1.722	2010844	815	ok	altera_pcie/altera_pcie_avmm/pcie_parameters_validation.tcl
1.722	171004	1792	ok	alt_mem_if/alt_mem_if_phys/alt_mem_if_ddr3_phy_core/constraints/memphy_pin_map.tcl
1.712	717340	1151	ok	emif/ip_top/mem/ddr3.tcl
1.686	253632	390	ok	university_program/audio_video/video/altera_up_avalon_video_csc/altera_up_avalon_video_csc_hw.tcl
1.685	253632	480	ok	university_program/audio_video/video/altera_up_avalon_video_pixel_buffer_dma/altera_up_avalon_video_pixel_buffer_dma_hw.tcl
1.680	586408	479	ok	alt_xcvr/alt_xcvr_core/nf/tcl/nf_pma_rx_odi_rbc.tcl
1.675	2010844	1302	ok	ethernet/altera_eth_tse/altera_eth_tse_tb_gen.tcl
1.675	171984	1723	ok	alt_mem_if/alt_mem_if_phys/alt_mem_if_ddr2_phy_core/constraints/acv/memphy_pin_map.tcl
1.674	1942428	983	ok	altera_xcvr_8g_custom/xcvr_generic/xcvr_custom_phy_val_params.tcl
1.673	171004	1644	ok	alt_mem_if/alt_mem_if_phys/alt_mem_if_ddr2_phy_core/constraints/sv/memphy_pin_map.tcl
1.672	1942428	357	ok	vip/ip_library/component_ip/schedulers/alt_vip_scaler_scheduler/alt_vip_scaler_scheduler_hw.tcl
1.672	171984	2320	ok	alt_interlaken_hp/ilk_50g_top/ilk_core_50g_hw.tcl
1.672	171984	1834	ok	alt_mem_if/alt_mem_if_phys/alt_mem_if_ddr3_phy_core/constraints/sv/memphy_pin_map.tcl
1.672	171004	1798	ok	alt_mem_if/alt_mem_if_phys/alt_mem_if_ddr3_phy_core/constraints/acv/memphy_pin_map.tcl
1.671	2010844	332	ok	altera_xcvr_det_latency/xcvr_generic/altera_xcvr_det_latency_parameters.tcl
1.666	1942428	600	ok	altera_asmi_parallel/altera_asmi_parallel_ui_settings.tcl
1.650	253632	540	ok	ethernet/alt_e2550/example_project/hwtest/altera/alt_aeu_40/eth_ultra_stats_inc.tcl
1.646	253632	394	ok	university_program/audio_video/video/altera_up_avalon_video_character_buffer_with_dma/altera_up_avalon_video_character_buffer_with_dma_hw.tcl
1.646	1942428	399	ok	altera_pcie/altera_pcie_sv_hip_avmm/pcie_parameters_validation.tcl
1.641	2010844	254	ok	altera_hps/s10/util/hps_utils.tcl
1.640	428088	1200	ok	alt_xcvr/alt_xcvr_core/nf/tcl/nf_hssi_parameters.tcl
1.634	388580	928	ok	altera_hps/altera_hps_arria_10/util/procedures.tcl
1.632	717340	372	ok	ethernet/alt_em10g32/example_design/LL10G_LINESIDE/simulation/ed_sim/synopsys/vcs/vcs_wave.tcl
1.632	586408	493	ok	alt_xcvr/alt_xcvr_core/nf/tcl/nf_hssi_pipe_gen3_rbc.tcl
1.630	227272	898	ok	alt_xcvr/alt_xcvr_core/nf/tcl/nf_hssi_rx_pcs_pma_interface_simple.tcl
1.625	717340	416	ok	university_program/audio_video/video/altera_up_avalon_video_stream_router/altera_up_avalon_video_stream_router_hw.tcl
1.624	2010844	475	ok	altera_pcie/altera_pcie_hip_ast_ed/rd_pcie_sv_port.tcl
1.624	171004	1673	ok	alt_mem_if/alt_mem_if_phys/alt_mem_if_lpddr2_phy_core/constraints/acv/memphy_pin_map.tcl
1.623	171984	1795	ok	alt_mem_if/alt_mem_if_tcl_packages/gen/uniphy_pll.tcl
1.623	171004	1453	ok	alt_mem_if/alt_mem_if_phys/alt_mem_if_rldram3_phy_core/constraints/sv/memphy_pin_map.tcl
1.621	1942428	501	ok	sdi_ii/sdi_ii_tb/sdi_ii_tb_v_series.tcl
1.621	171004	1740	ok	alt_mem_if/alt_mem_if_phys/alt_mem_if_lpddr2_phy_core/constraints/sv/memphy_pin_map.tcl
1.610	253632	234	ok	university_program/input_output/altera_up_avalon_de0_nano_adc/altera_up_avalon_de0_nano_adc_mega_hw.tcl
1.604	1942428	1451	ok	alt_xcvr/altera_xcvr_pll/altera_xcvr_atx_pll_s10/tcl/parameters.tcl
1.603	246196	254	ok	altera_hps/altera_hps_arria_10/util/hps_utils.tcl
1.602	717340	815	ok	emif/util/enum_defs.tcl
1.599	246196	1118	ok	alt_xcvr/altera_xcvr_native_phy/cv/tcl/parameters.tcl
1.598	388580	745	ok	alt_xcvr/altera_xcvr_pll/altera_xcvr_cdr_pll_vi/tcl/parameters.tcl
1.593	388580	122	ok	altera_pcie/altera_pcie_a10_tbed/tbed_pcie_a10_parameters.tcl
1.592	388580	485	ok	altera_hdmi/src/common/altera_hdmi_qsys_ed.tcl
1.590	253632	2331	ok	ethernet/alt_em10g32/MAC/alt_em10g32_hw.tcl
1.578	717340	384	ok	university_program/input_output/altera_up_avalon_adc/altera_up_avalon_adc_mega_hw.tcl
1.574	2010844	615	ok	university_program/audio_video/video/altera_up_avalon_video_rgb_resampler/altera_up_avalon_video_rgb_resampler_hw.tcl
1.574	2010844	1836	ok	alt_xcvr/altera_xcvr_native_phy/sv/tcl/parameters.tcl
1.571	2010844	228	ok	merlin/altera_axi_bridge/axi_interface.tcl
1.571	162456	1620	ok	alt_mem_if/alt_mem_if_phys/alt_mem_if_qdrii_phy_core/constraints/acv/memphy_pin_map.tcl
1.550	1942428	960	ok	altera_hps/s10/util/procedures.tcl
1.549	388580	431	ok	altera_jesd204/src/top/altera_jesd204_common_procs.tcl
1.549	253632	306	ok	university_program/audio_video/video/altera_up_avalon_video_vip_bridges/altera_up_avalon_video_raw_to_vip_bridge_hw.tcl
1.546	717340	1145	ok	emif/util/channel_uncertainty.tcl
1.545	1942428	155446	ok	altera_hps/altera_hps_arria_10/util/hps_csr_data.tcl
1.543	253632	990	ok	emif/ip_top/phy.tcl
1.542	253632	2849	ok	ethernet/altera_eth_10g_mac/altera_eth_10g_mac_hw.tcl
1.541	253632	435	ok	altera_xcvr_det_latency/xcvr_generic/altera_xcvr_det_latency_val_params.tcl
1.538	388580	168	ok	altera_pcie/altera_pcie_hip_256_avmm/channelizer/pcie_mc_ports.tcl
1.538	1942428	504	ok	emif/util/enum_defs_interfaces.tcl
1.536	246196	571	ok	alt_xcvr/altera_xcvr_pll/altera_xcvr_fpll_s10/tcl/pll_calculations.tcl
1.535	1942428	1239	ok	alt_xcvr/alt_xcvr_tcl_packages/utils/reconfiguration_stratix10.tcl
1.534	388580	235	ok	altera_pcie/altera_pcie_hip_ast_ed/rd_pcie_sv_parameters.tcl
1.534	1942428	266	ok	altera_pcie/altera_pcie_target_sriov_ed/pcie_sriov_target_app_parameters.tcl
1.532	717340	1300	ok	megafunctions/ram_2port/make_var_wrapper_tb.tcl
1.531	253632	1472	ok	ethernet/alt_eth_ultra/100g/rtl/build_stp.tcl
1.531	1942428	265	ok	altera_hmcc/a10_example_design/par/sysconsole_testbench.tcl
1.528	1942428	1448	ok	alt_xcvr/altera_xcvr_pll/altera_xcvr_fpll_s10/tcl/parameters.tcl
1.527	171004	1549	ok	alt_mem_if/alt_mem_if_phys/alt_mem_if_lpddr_phy_core/constraints/acv/memphy_pin_map.tcl
1.525	717340	996	ok	altera_vectored_interrupt_controller/top/callbacks.tcl
1.525	1942428	287	ok	vip/ip_library/component_ip/utility/alt_vip_vfb_sync_ctrl/alt_vip_vfb_sync_ctrl_hw.tcl
1.524	2010844	1602	ok	dsp/altera_fft_ii/altera_fft_ii_hw.tcl
1.524	175168	1479	ok	alt_mem_if/alt_mem_if_phys/alt_mem_if_rldramii_phy_core/constraints/acv/memphy_pin_map.tcl
1.523	175168	1515	ok	alt_mem_if/alt_mem_if_phys/alt_mem_if_qdrii_phy_core/constraints/memphy_pin_map.tcl
1.522	1942428	262	ok	vip/ip_library/component_ip/processing/alt_vip_video_input_bridge/alt_vip_video_input_bridge_hw.tcl
1.522	162904	1542	ok	alt_mem_if/alt_mem_if_phys/alt_mem_if_qdrii_phy_core/constraints/sv/memphy_pin_map.tcl
1.508	1942428	565	ok	altera_jesd204/ed/ip_sim/altera_jesd204_demo_tb_hw.tcl
1.496	586408	561	ok	alt_xcvr/alt_xcvr_core/nf/tcl/nf_pma_rx_deser_rbc.tcl
1.492	253632	887	ok	vip/ip_library/common_tcl/alt_vip_av_st_message_format.tcl
1.491	246196	1472	ok	alt_xcvr/altera_xcvr_10gbase_kr/arria10/altera_xcvr_10gkr_a10/build_stp.tcl
1.491	2010844	1720	ok	megafunctions/ram_2port/ram_2_port_hw.tcl
1.490	246196	1230	ok	altera_jesd204/src/lib/phy_top/altera_jesd204_phy_hw.tcl
1.487	1942428	1242	ok	altera_modular_adc/sequencer/altera_modular_adc_sequencer_hw.tcl
1.485	253632	1472	ok	altera_pcie/altera_pcie_a10_hip/build_stp.tcl
1.484	717340	295	ok	altera_vid/tcl/parameters.tcl
1.484	388580	817	ok	alt_xcvr/alt_xcvr_core/nf/tcl/nf_pma_rx_sd_simple.tcl
1.484	1942428	871	ok	alt_xcvr/altera_xcvr_pll/altera_xcvr_cdr_pll_s10/tcl/parameters.tcl
1.481	253632	936	ok	altera_phylite/ip_arch_nd/main.tcl
1.481	171984	1306	ok	alt_mem_if/alt_mem_if_phys/alt_mem_if_lpddr2_phy_core/constraints/m10/memphy_pin_map.tcl
1.478	227272	701	ok	alt_xcvr/alt_xcvr_core/nf/tcl/nf_hssi_pma_cgb_master_rbc.tcl
1.474	229028	381	ok	alt_pr/alt_pr/alt_pr_hw_proc.tcl
1.474	1942428	1425	ok	emif/ip_arch_nf/main.tcl
1.474	171984	1392	ok	alt_mem_if/alt_mem_if_phys/alt_mem_if_ddr3_phy_core/constraints/m10/memphy_pin_map.tcl
1.473	717340	241	ok	vip/ip_library/full_ip/alt_vip_cl_vfb/vfb_writer_reader_hw.tcl
1.472	388580	1162	ok	altera_10gbaser_phy/altera_10gbaser_phy/altera_xcvr_10gbaser_common.tcl
1.472	162904	1412	ok	alt_mem_if/alt_mem_if_phys/alt_mem_if_rldramii_phy_core/constraints/memphy_pin_map.tcl
1.471	2010844	1396	ok	altera_phylite/ip_arch_nd/timing/memphy_pin_map.tcl
1.455	1942428	1116	ok	alt_xcvr/altera_xcvr_native_phy/av/tcl/parameters.tcl
1.440	428088	472	ok	alt_xcvr/alt_xcvr_core/nf/tcl/nf_pma_cgb_simple.tcl
1.439	253632	796	ok	emif/ip_arch_nd/rld2.tcl
1.439	253632	674	ok	emif/util/doc_gen.tcl
1.436	253632	206	ok	vip/ip_library/component_ip/schedulers/alt_vip_stream_cleaner_scheduler/alt_vip_stream_cleaner_scheduler_hw.tcl
1.435	388580	155446	ok	altera_hps/s10/util/hps_csr_data.tcl
1.434	253632	417	ok	altera_phylite/ip_arch_nd/timing/memphy_report_timing_core.tcl
1.430	253632	622	ok	megafunctions/altclkctrl/altclkctrl_hw.tcl
1.428	253632	112	ok	emif/ip_arch_nf/timing/memphy_parameters.tcl
1.427	2010844	297	ok	ethernet/ethernet_ucore/altera_eth_1588_tod_synchronizer/altera_eth_1588_tod_synchronizer_hw.tcl
1.427	1942428	265	ok	hps/hard_peripheral_logical_view/common/hps_utils.tcl
1.424	2010844	1222	ok	emif/ip_arch_nd/main.tcl
1.423	2010844	1397	ok	dsp/altera_cic_ii/altera_cic_ii_hw.tcl
1.422	175168	1433	ok	alt_mem_if/alt_mem_if_phys/alt_mem_if_rldramii_phy_core/constraints/sv/memphy_pin_map.tcl
1.421	246196	682	ok	alt_xcvr/alt_xcvr_core/nf/tcl/nf_pma_tx_ser_rbc.tcl
1.420	160108	1353	ok	alt_mem_if/alt_mem_if_phys/alt_mem_if_ddr2_phy_core/constraints/m10/memphy_pin_map.tcl
1.405	253632	183	ok	vip/ip_library/component_ip/processing/alt_vip_scaler_kernel_creator/alt_vip_scaler_kernel_creator_hw.tcl
1.387	388580	1401	ok	altera_lvds/top/main.tcl
1.387	253632	308	ok	altera_pcie/altera_pcie_s10_hip_avmm_bridge/altera_pcie_s10_dma_controller/altera_pcie_s10_dma_controller_ports.tcl
1.385	388580	1980	ok	altera_mult_add/source/top/altera_mult_add_hw.tcl
1.384	717340	1194	ok	megafunctions/ram_4port/make_var_wrapper_tb.tcl
1.384	246196	482	ok	altdq_dqs2/generate.tcl
1.382	717340	998	ok	emif/ip_arch_nf/timing/memphy_pin_map.tcl
1.380	253632	438	ok	ethernet/alt_em10g32/example_design/LL10G_1G_10G_LINESIDE/hwtesting/system_console/list.tcl
1.380	253632	112	ok	ethernet/ethernet_ucore/altera_eth_adapters/altera_eth_interface_conversion/altera_eth_interface_conversion_hw.tcl
1.379	153092	1473	ok	alt_interlaken_hp/ilk_50g_stp/build_stp.tcl
1.378	253632	238	ok	vip/ip_library/component_ip/schedulers/alt_vip_clipper_scheduler/alt_vip_clipper_scheduler_hw.tcl
1.378	2010844	1779	ok	native_mac/s10/fourteennm_mac_native_hw.tcl
1.378	2010844	1033	ok	altera_mult_add/source/top/altera_mult_add_hw_extra.tcl
1.378	1942428	753	ok	emif/ip_top/mem/lpddr3.tcl
1.377	1942428	265	ok	altera_mult_add/source/top/altera_mult_add_msg.tcl
1.377	1942428	1842	ok	dsp/altera_fir_compiler_ii/src/HP_FIR_hw.tcl
1.375	388580	265	ok	altera_hmcc_mtaps/s10_example_design/par/sysconsole_testbench.tcl
1.375	2010844	367	ok	university_program/audio_video/video/altera_up_avalon_video_chroma_resampler/altera_up_avalon_video_chroma_resampler_hw.tcl
1.374	1942428	1521	ok	dsp/altera_CORDIC/source/altera_CORDIC_hw.tcl
1.373	2010844	228	ok	vip/ip_library/full_ip/alt_vip_cl_pip_conv/alt_vip_cl_pip_conv_hw.tcl
1.373	2010844	2124	ok	altera_nios2_tmr_comparator/altera_nios2_tmr_comparator_hw.tcl
1.372	2010844	376	ok	university_program/communication/altera_up_avalon_irda/altera_up_avalon_irda_hw.tcl
1.372	1942428	1028	ok	pgm/altera_parallel_flash_loader_2/altera_pfl2_data_format_adapter/altera_pfl2_data_format_adapter_hw.tcl
1.371	253632	331	ok	soft_processor/intel_niosv_common/hwtcl/hwtcl_unit_add_interfaces.tcl
1.371	2010844	267	ok	altera_pcie/altera_pcie_a10_ed/ast2avmm_bridge_256/ast2avmm_bridge_256_parameters.tcl
1.370	2010844	354	ok	university_program/audio_video/altera_up_avalon_audio/altera_up_avalon_audio_hw.tcl
1.370	2010844	1611	ok	alt_xcvr/altera_xcvr_pll/altera_xcvr_atx_pll_vi/tcl/parameters.tcl
1.369	253632	264	ok	altera_pcie/altera_pcie_s10_ed/ast2avmm_bridge_256/ast2avmm_bridge_256_parameters.tcl
1.352	586408	448	ok	alt_xcvr/alt_xcvr_core/nf/tcl/nf_hssi_gen3_rx_pcs_rbc.tcl
1.350	246196	902	ok	altera_lvds/altera_lvds_core20/altera_lvds_sdc.tcl
1.349	717340	581	ok	emif/ip_top/board/ddr4.tcl
1.343	253632	791	ok	hps/altera_interface_generator/altera_interface_generator_hw.tcl
1.340	428088	409	ok	alt_xcvr/alt_xcvr_core/nf/tcl/nf_hssi_krfec_rx_pcs_simple.tcl
1.340	1942428	230	ok	ethernet/alt_em10g32/example_design/LL10G_1G_10G_LINESIDE_1588v2/hwtesting/system_console/main.tcl
1.339	253632	1047	ok	vip/ip_library/common_tcl/alt_vip_interfaces_common.tcl
1.339	246196	437	ok	altera_hps/s10/util/hps_csr.tcl
1.335	1942428	527	ok	altera_hps/s10/util/isw.tcl
1.334	246196	1074	ok	altera_gpio/altera_gpio_common/altera_gpio_common.tcl
1.332	2010844	246	ok	altera_int_osc/altera_int_osc_hw_proc.tcl
1.329	717340	727	ok	emif/ip_arch_nf/seq_param_tbl.tcl
1.329	246196	265	ok	altera_hmcc_mtaps/a10_example_design/par/sysconsole_testbench.tcl
1.327	253632	1690	ok	ethernet/alt_mge_phy/alt_mge_phy_hw.tcl
1.326	717340	147	ok	iconnect/alt_hiconnect_axi_mstr_agent/axi_interface.tcl
1.325	1942428	388	ok	soft_processor/intel_niosv_common/hwtcl/hwtcl_compose.tcl
1.324	717340	187	ok	merlin/altera_axi_bridge/axi_gui.tcl
1.324	2010844	245	ok	vip/ip_library/component_ip/utility/alt_vip_custom_reset_synchronizer/alt_vip_custom_reset_synchronizer_hw.tcl
1.324	2010844	1041	ok	emif/util/hwtcl_utils.tcl
1.323	1942428	991	ok	avalon_st/altera_avalon_st_data_format_adapter/avalon-st_data_format_adapter_hw.tcl
1.322	2010844	617	ok	emif/arch_common/timing/memphy_utils.tcl
1.321	227272	711	ok	alt_xcvr/alt_xcvr_core/nf/tcl/nf_hssi_8g_tx_pcs_simple.tcl
1.321	2010844	318	ok	university_program/audio_video/video/altera_up_avalon_video_bayer_resampler/altera_up_avalon_video_bayer_resampler_hw.tcl
1.321	2010844	1338	ok	emif/ip_arch_nf/lpddr3.tcl
1.320	717340	1388	ok	emif/ip_arch_nd/lpddr3.tcl
1.320	2010844	519	ok	ethernet/alt_em10g32/example_design/LL10G_LINESIDE_1588v2/hwtesting/system_console/mac/mac_inc.tcl
1.320	1942428	217	ok	vip/ip_library/component_ip/alt_vip_dil_vof_scheduler/alt_vip_dil_vof_scheduler_hw.tcl
1.311	717340	1009	ok	altera_pcie/altera_pcie_s10_hip_avmm_bridge/altera_pcie_s10_hip_avmm_bridge_parameters.tcl
1.308	246196	722	ok	altera_hps/altera_hps_arria_10/hps_bridge_avalon/hps_bridge_avalon_hw.tcl
1.299	246196	744	ok	alt_xcvr/alt_xcvr_tcl_packages/utils/common.tcl
1.297	253632	438	ok	ethernet/alt_em10g32/example_design/LL10G_LINESIDE/hwtesting/system_console/list.tcl
1.290	253632	835	ok	emif/ip_arch_nd/timing/memphy_pin_map.tcl
1.290	253632	150	ok	vip/ip_library/component_ip/schedulers/alt_vip_dil_weave_scheduler/alt_vip_dil_weave_scheduler_hw.tcl
1.289	717340	231	ok	emif/util/pkgIndex.tcl
1.289	1942428	529	ok	ethernet/alt_em10g32/example_design/LL10G_1G_10G_LINESIDE_1588v2/hwtesting/system_console/external_phy/marvell/marvell_phy.tcl
1.284	717340	322	ok	ethernet/alt_em10g32/example_design/LL10G_10G_USXGMII/hwtesting/system_console/mac/mac_inc.tcl
1.284	1942428	322	ok	ethernet/alt_em10g32/example_design/LL10G_1G_2_5G_10G/hwtesting/system_console/mac/mac_inc.tcl
1.279	253632	990	ok	ethernet/tse_ucores/altera_eth_tse_fifoless_mac/altera_eth_tse_fifoless_mac_hw.tcl
1.279	2010844	1175	ok	altdq_dqs2/altdq_dqs2_hw.tcl
1.278	717340	686	ok	dsp/altera_bch/design_gen_utility.tcl
1.277	253632	138	ok	vip/ip_library/component_ip/processing/alt_vip_cadence_detect/alt_vip_cadence_detect_hw.tcl
1.276	717340	1472	ok	ethernet/alt_mge_phy/debug/stp/build_stp.tcl
1.275	2010844	466	ok	emif/util/enum_defs_family_traits_and_features.tcl
1.274	717340	267	ok	university_program/audio_video/video/altera_up_avalon_video_dual_clock_buffer/altera_up_avalon_video_dual_clock_buffer_hw.tcl
1.273	1942428	471	ok	university_program/audio_video/video/altera_up_avalon_video_vga_controller/altera_up_avalon_video_vga_controller_hw.tcl
1.273	1942428	1474	ok	iconnect/alt_hiconnect_axi_trans/alt_hiconnect_axi_trans_hw.tcl
1.272	1942428	877	ok	sdi_ii/sdi_ii/sdi_ii_ed.tcl
1.271	2010844	461	ok	emif/ip_arch_nf/util.tcl
1.271	2010844	255	ok	vip/ip_library/component_ip/utility/alt_vip_packet_duplicator/alt_vip_packet_duplicator_hw.tcl
1.270	717340	147	ok	merlin/altera_merlin_axi_master_ni/axi_interface.tcl
1.270	2010844	432	ok	altera_xcvr_8g_custom/xcvr_generic/xcvr_custom_phy_ports.tcl
1.270	1942428	277	ok	ethernet/altera_eth_10g_mac/altera_eth_10g_mac_conf.tcl
1.270	152692	1472	ok	alt_interlaken_hp/ilk_100g_stp/build_stp.tcl
1.269	2010844	519	ok	ethernet/alt_em10g32/example_design/LL10G_1G_10G_LINESIDE_1588v2/hwtesting/system_console/mac/mac_inc.tcl
1.269	2010844	519	ok	ethernet/alt_em10g32/example_design/LL10G_1G_10G_LINESIDE/hwtesting/system_console/mac/mac_inc.tcl
1.269	2010844	1472	ok	seriallite_iii/src/debug_stp/build_stp.tcl
1.269	2010844	1472	ok	ethernet/alt_em10g32/MAC/stp/build_stp.tcl
1.259	253632	937	ok	iconnect/alt_hiconnect_axi_mstr_agent/alt_hiconnect_axi_mstr_agent_hw.tcl
1.249	253632	100	ok	altera_soft_lvds/clearbox.tcl
1.247	1942428	71	ok	ethernet/alt_em10g32/MAC/alt_em10g32_gui.tcl
1.247	1942428	638	ok	altera_hps/altera_hps_arria_10/hps/elab_bridges.tcl
1.247	1942428	319	ok	ethernet/alt_em10g32/MAC/alt_em10g32_ed_files_a10_1g_10g_lineside_1588v2.tcl
1.241	1942428	80	ok	ethernet/alt_em10g32/example_design/LL10G_1G_2_5G_1588v2/hwtesting/system_console/phy/phy_ip_inc.tcl
1.241	1942428	111	ok	altera_phylite/ip_arch_nf/timing/memphy_parameters.tcl
1.239	1942428	303	ok	altera_phylite/ip_top/general.tcl
1.238	253632	418	ok	emif/ip_arch_nf/hps_csr.tcl
1.234	253632	438	ok	ethernet/alt_em10g32/example_design/LL10G_1G_10G_LINESIDE_1588v2/hwtesting/system_console/list.tcl
1.234	2010844	527	ok	altera_lvds/altera_lvds_core14/sdc_util.tcl
1.233	388580	126	ok	altera_nios_custom_instr_floating_point_2/altera_nios_custom_instr_floating_point_2/fpoint2_qsys_sw_callback.tcl
1.232	717340	895	ok	emif/ip_arch_nf/enum_defs_ac_pin_mapping.tcl
1.231	253632	621	ok	emif/ip_top/main.tcl
1.231	253632	614	ok	emif/ip_arch_nd/enum_defs_ac_pin_mapping.tcl
1.231	253632	210	ok	vip/ip_library/component_ip/processing/alt_vip_crs_v_up_core/alt_vip_crs_v_up_core_hw.tcl
1.230	253632	698	ok	emif/ip_arch_nf/pll.tcl
1.228	717340	436	ok	altera_sl3/ed/ed_sim/scripts/altera_sl3_ed_sim_hw.tcl
1.228	717340	1472	ok	ethernet/alt_eth_ultra/40g/rtl/build_stp.tcl
1.228	1942428	1958	ok	altera_iopll/top/altera_iopll_hw.tcl
1.226	2010844	1207	ok	emif/ip_arch_nf/rld3.tcl
1.226	144796	213	ok	alt_interlaken/alt_interlaken_pcs/parameter_manager.tcl
1.225	253632	1334	ok	altera_pll/source/top/pll_hw.tcl
1.224	2010844	320	ok	vip/ip_library/component_ip/schedulers/alt_vip_crs_scheduler/alt_vip_crs_scheduler_hw.tcl
1.224	2010844	285	ok	altera_pcie/altera_pcie_a10_ed/pio_ed/pio_ed_ports.tcl
1.223	717340	225	ok	vip/ip_library/component_ip/utility/alt_vip_packet_demux/alt_vip_packet_demux_hw.tcl
1.223	2010844	258	ok	university_program/input_output/altera_up_avalon_de1_soc_adc/altera_up_avalon_de1_soc_adc_hw.tcl
1.223	2010844	1337	ok	sopc_builder_ip/altera_avalon_mega_common/sopc_mwizc.tcl
1.222	717340	155445	ok	emif/ip_arch_nf/hps_csr_data.tcl
1.222	1942428	527	ok	common/hw_tcl_packages/altera_hdl_wrapper.tcl
1.220	2010844	167	ok	vip/ip_library/component_ip/schedulers/alt_vip_mix_scheduler/alt_vip_mix_scheduler_hw.tcl
1.220	1942428	1665	ok	altera_uflex_interlaken/uflex_ilk_ce_top/altera_uflex_ilk_ce_hw.tcl
1.220	155472	306	ok	alt_mem_if/alt_mem_if_mem_models/altera_sdram_partner_module/sdram_partner_module_hw.tcl
1.219	2010844	519	ok	ethernet/alt_em10g32/example_design/LL10G_LINESIDE/hwtesting/system_console/mac/mac_inc.tcl
1.219	2010844	316	ok	ethernet/alt_em10g32/MAC/alt_em10g32_fileset.tcl
1.219	2010844	1426	ok	soft_processor/intel_niosv_g/intel_niosv_g_unit_hw.tcl
1.210	341924	600	ok	alt_mem_if/altera_mem_if_sequencer_cpu/altera_mem_if_sequencer_cpu_hw.tcl
1.210	253632	436	ok	emif/arch_common/main.tcl
1.209	253632	85	ok	vip/ip_library/component_ip/utility/alt_vip_seq_par_convert/alt_vip_seq_par_convert_hw.tcl
1.208	1942428	214	ok	altera_phylite/util/enum_defs.tcl
1.206	253632	292	ok	common/hw_tcl_packages/altera_tcl_testlib.tcl
1.204	1942428	1051	ok	altera_pcie/altera_pcie_s10_hip_avmm_bridge/altera_pcie_s10_hip_avmm_bridge_interfaces.tcl
1.199	253632	924	ok	emif/ip_top/board/ddr3.tcl
1.196	717340	197	ok	ethernet/alt_em10g32/example_design/LL10G_1G_10G_LINESIDE/hwtesting/system_console/traffic_controller/gen/gen_inc.tcl
1.195	253632	330	ok	altera_oct/altera_oct_common/altera_oct_common.tcl
1.192	253632	856	ok	hps/hard_peripheral_logical_view/hps_bridge_avalon/hps_bridge_avalon_hw.tcl
1.192	253632	204	ok	altera_ufm/altera_ufm_spi/altera_ufm_spi_hw_proc.tcl
1.192	253632	155	ok	vip/ip_library/component_ip/processing/alt_vip_tpg_const_alg_core/alt_vip_tpg_const_alg_core_hw.tcl
1.190	2010844	304	ok	altera_iopll/top/altera_iopll_hw_upgrade.tcl
1.188	1942428	623	ok	alt_xcvr/alt_xcvr_tcl_packages/utils/ipgen.tcl
1.188	1942428	122	ok	altera_pcie/altera_pcie_s10_tbed/tbed_pcie_s10_parameters.tcl
1.187	253632	202	ok	university_program/memory/altera_up_avalon_sram/altera_up_avalon_sram_hw.tcl
1.186	428088	301	ok	alt_xcvr/alt_xcvr_core/nf/tcl/nf_hssi_gen3_rx_pcs_simple.tcl
1.185	717340	203	ok	vip/ip_library/component_ip/processing/alt_vip_mix_alg_core/alt_vip_mix_alg_core_hw.tcl
1.185	428088	553	ok	alt_xcvr/alt_xcvr_core/nf/tcl/nf_mcgb_param_mapping_util.tcl
1.185	1942428	253	ok	ethernet/alt_em10g32/example_design/LL10G_LINESIDE/hwtesting/system_console/main.tcl
1.183	428088	346	ok	alt_xcvr/alt_xcvr_core/nf/tcl/nf_pma_rx_deser_simple.tcl
1.183	388580	571	ok	altera_hps/altera_hps_arria_10/util/isw.tcl
1.182	717340	1193	ok	altera_pcie/altera_pcie_s10_hip_avmm_bridge/altera_pcie_s10_hip_avmm_bridge_fileset.tcl
1.182	388580	550	ok	altera_lvds/altera_lvds_core14/main.tcl
1.182	253632	843	ok	altera_phylite/ip_top/group.tcl
1.182	2010844	438	ok	altera_hps/altera_hps_arria_10/util/hps_csr.tcl
1.182	1942428	252	ok	ethernet/alt_em10g32/example_design/LL10G_1G_10G_LINESIDE/hwtesting/system_console/test_functions.tcl
1.181	246196	552	ok	altera_iopll/top/altera_iopll_pin_map.tcl
1.181	1942428	529	ok	ethernet/alt_em10g32/example_design/LL10G_LINESIDE/hwtesting/system_console/external_phy/marvell/marvell_phy.tcl
1.180	388580	1067	ok	altera_hmcc/altera_hmcc/altera_hmcc_hw.tcl
1.179	253632	405	ok	megafunctions/stratix10_clkctrl/stratix10_clkctrl_hw.tcl
1.178	253632	963	ok	espi_slave/espi_slave_hw.tcl
1.178	1942428	779	ok	altera_hps/altera_hps_arria_10/interface_generator/altera_arria10_interface_generator_hw.tcl
1.177	229028	1415	ok	alt_mem_if/altera_mem_if_qseq/qsys_sequencer_110/qsys_sequencer_110_hw.tcl
1.177	1942428	663	ok	altera_msgdma/write_master/write_master_hw.tcl
1.175	1942428	245	ok	university_program/input_output/altera_up_avalon_de1_soc_adc/altera_up_avalon_de1_soc_adc_mega_hw.tcl
1.174	717340	111	ok	altera_phylite/ip_arch_nd/timing/memphy_parameters.tcl
1.174	2010844	417	ok	altera_phylite/ip_arch_nf/timing/memphy_report_timing_core.tcl
1.173	717340	274	ok	sdi_ii/sdi_ii_tb/sdi_ii_tb_arria_10.tcl
1.173	717340	224	ok	soft_processor/aws_freertos/freertos_hal2_sw.tcl
1.173	2010844	291	ok	university_program/bridges/altera_up_avalon_to_external_bus_bridge/altera_up_avalon_to_external_bus_bridge_hw.tcl
1.173	2010844	213	ok	altera_xcvr_det_latency/soft_pcs/altera_xcvr_dl_soft_pcs_ports.tcl
1.173	1942428	293	ok	university_program/audio_video/video/altera_up_avalon_video_change_alpha/altera_up_avalon_video_change_alpha_hw.tcl
1.172	1942428	205	ok	vip/ip_library/component_ip/schedulers/alt_vip_dil_sobel_scheduler/alt_vip_dil_sobel_scheduler_hw.tcl
1.171	717340	1308	ok	avalon_st/altera_avalon_st_adapter/altera_avalon_st_adapter_hw.tcl
1.171	2010844	309	ok	altera_pcie/altera_pcie_s10_hip_ast/altera_pcie_s10_hip_common.tcl
1.171	1942428	231	ok	altera_xcvr_generic/tgx/alt_xcvr_s4_analog.tcl
1.171	1942428	200	ok	vip/ip_library/component_ip/utility/alt_vip_packet_mux/alt_vip_packet_mux_hw.tcl
1.171	1942428	1513	ok	merlin/altera_merlin_axi_translator/altera_merlin_axi_translator_hw.tcl
1.170	2010844	884	ok	altera_phylite/ip_arch_nf/main.tcl
1.170	2010844	315	ok	sdi_ii/sdi_ii/sdi_ii_compose_v_series.tcl
1.170	2010844	205	ok	vip/ip_library/component_ip/schedulers/alt_vip_dil_scheduler/alt_vip_dil_scheduler_hw.tcl
1.169	253632	1431	ok	soft_processor/intel_niosv_g/intel_niosv_g_hw.tcl
1.169	2010844	1927	ok	ethernet/altera_eth_10g_design_example/source/altera_eth_10g_design_example_hw.tcl
1.169	2010844	1272	ok	megafunctions/ram_4port/ram_4_port_hw.tcl
1.168	1942428	258	ok	vip/ip_library/full_ip/alt_vip_cl_swi/alt_vip_cl_swi_hw.tcl
1.167	2010844	515	ok	altera_sl3/src/top/altera_sl3_common_procs.tcl
1.161	253632	307	ok	ethernet/ethernet_ucore/altera_eth_preamble_inserter/altera_eth_preamble_inserter_hw.tcl
1.158	202864	380	ok	alt_mem_if/altera_mem_if_pll/altera_mem_if_lpddr2_pll/altera_mem_if_lpddr2_pll_hw.tcl
1.150	246196	168	ok	altera_jesd204/ed/ed_sim/scripts/gen_ed_sim.tcl
1.148	253632	541	ok	emif/ip_arch_nd/protocol_expert.tcl
1.146	1942428	193	ok	emif/ip_top/vg_autogen.tcl
1.145	253632	130	ok	vip/ip_library/component_ip/processing/alt_vip_crs_422_drop_pad/alt_vip_crs_422_drop_pad_hw.tcl
1.144	717340	749	ok	ethernet/alt_e2550/hwtcl/fileset.tcl
1.144	246196	663	ok	altera_lvds/top/ex_design/make_qsys.tcl
1.144	2010844	218	ok	vip/ip_library/component_ip/schedulers/alt_vip_fir_scheduler/alt_vip_fir_scheduler_hw.tcl
1.143	1942428	253	ok	ethernet/alt_em10g32/example_design/LL10G_1G_10G_LINESIDE/hwtesting/system_console/main.tcl
1.142	1942428	17	ok	alt_xcvr/altera_xcvr_pll/sv/pkgIndex.tcl
1.139	246196	453	ok	alt_xcvr/altera_xcvr_pll/mcgb_package_s10/tcl/mcgb.tcl
1.138	717340	573	ok	emif/ip_top/board/rld3.tcl
1.138	253632	908	ok	megafunctions/ram_4port/make_var_wrapper.tcl
1.138	253632	168	ok	ethernet/alt_e2550/example_project/hwtest/50g/reset.tcl
1.138	1942428	281	ok	ethernet/alt_em10g32/MAC/alt_em10g32_ed_files_a10_1G_2_5G.tcl
1.137	1942428	27	ok	ethernet/alt_em10g32/example_design/LL10G_10G_USXGMII/hwtesting/system_console/test_parameter/parameter.tcl
1.136	253632	165	ok	vip/ip_library/component_ip/utility/alt_vip_mixer_alpha_merge/alt_vip_mixer_alpha_merge_hw.tcl
1.135	2010844	542	ok	altera_lvds/altera_lvds_core20/sdc_util.tcl
1.135	1942428	714	ok	altera_hps/s10/hps_bridge_avalon/hps_bridge_avalon_hw.tcl
1.133	717340	320	ok	ethernet/alt_em10g32/MAC/alt_em10g32_clock_crosser_timing_info.tcl
1.132	341924	302	ok	alt_mem_if/altera_mem_if_rseq/altera_mem_if_qdrii_rseq/altera_mem_if_qdrii_rseq_hw.tcl
1.132	253632	978	ok	ltpi/tcl/design_example.tcl
1.131	388580	596	ok	altera_lvds/altera_lvds_core20/main.tcl
1.131	388580	466	ok	altera_pcie/altera_pcie_avmm/altera_pcie_internal_altgx_hw.tcl
1.131	253632	93	ok	vip/ip_library/component_ip/processing/alt_vip_video_input_bridge_cmd/alt_vip_video_input_bridge_cmd_hw.tcl
1.131	246196	831	ok	altera_lvds/altera_lvds_core14/altera_lvds_sdc.tcl
1.131	1942428	254	ok	altera_phylite/ip_arch_nf/timing.tcl
1.130	717340	224	ok	vip/ip_library/component_ip/processing/alt_vip_video_input_bridge_resp/alt_vip_video_input_bridge_resp_hw.tcl
1.130	388580	756	ok	altera_hps/s10/interface_generator/altera_stratix10_interface_generator_hw.tcl
1.130	253632	548	ok	emif/ip_arch_nf/rtl_autogen.tcl
1.130	253632	124	ok	hps/util/locations.tcl
1.129	388580	1221	ok	alt_xcvr/altera_xcvr_native_phy/altera_xcvr_native_s10/tcl/parameter_data.tcl
1.128	717340	247	ok	ethernet/alt_em10g32/MAC/alt_em10g32_ed_files_a10_10gbaser.tcl
1.128	253632	233	ok	university_program/audio_video/video/altera_up_avalon_video_alpha_blender/altera_up_avalon_video_alpha_blender_hw.tcl
1.128	1942428	600	ok	altera_lvds/util/hwtcl_utils.tcl
1.127	253632	166	ok	vip/ip_library/component_ip/schedulers/alt_vip_guard_bands_scheduler/alt_vip_guard_bands_scheduler_hw.tcl
1.127	171984	906	ok	alt_mem_if/alt_mem_if_phys/alt_mem_if_rldramii_phy_core/constraints/memphy_report_timing.tcl
1.126	253632	350	ok	emif/ip_top/board/qdr4.tcl
1.126	1942428	291	ok	university_program/input_output/altera_up_avalon_ps2/altera_up_avalon_ps2_hw.tcl
1.125	180756	253	ok	alt_pma/source/altera_xcvr_low_latency_phy/xcvr_low_latency_ports.tcl
1.124	1942428	652	ok	alt_xcvr/altera_xcvr_10gbase_kr/stratix10/altera_xcvr_10gkr_s10/tcl/parameters.tcl
1.123	253632	983	ok	megafunctions/ram_2port/make_var_wrapper.tcl
1.123	2010844	180	ok	university_program/memory/altera_up_flash_memory/Altera_UP_Flash_Memory_IP_Core_Avalon_Interface_hw.tcl
1.123	2010844	1051	ok	altera_soft_lvds/altera_soft_lvds_hw.tcl
1.123	1942428	215	ok	altera_xcvr_det_latency/xcvr_generic/altera_xcvr_det_latency_ports.tcl
1.123	155472	956	ok	alt_mem_if/alt_mem_if_phys/alt_mem_if_ddr3_phy_core/constraints/memphy_report_timing.tcl
1.122	717340	22	ok	sld/jtag/altera_sld_jtag_mux/altera_sld_jtag_mux_hw.tcl
1.122	388580	198	ok	altera_hdmi/src/common/altera_hdmi_common_proc.tcl
1.122	253632	438	ok	ethernet/alt_em10g32/example_design/LL10G_LINESIDE_1588v2/hwtesting/system_console/list.tcl
1.122	2010844	996	ok	alt_xcvr/alt_xcvr_tcl_packages/utils/reconfiguration_arria10.tcl
1.121	717340	185	ok	vip/ip_library/component_ip/utility/alt_vip_vfb_linebuf_ctrl/alt_vip_vfb_linebuf_ctrl_hw.tcl
1.121	253632	568	ok	rs_ii/src/lib/altera_rs_example_design.tcl
1.121	1942428	545	ok	altera_phylite/ip_arch_nf/pll.tcl
1.120	717340	905	ok	megafunctions/rom_2port/make_var_wrapper_tb.tcl
1.120	1942428	192	ok	vip/ip_library/component_ip/processing/alt_vip_tpg_bars_alg_core/alt_vip_tpg_bars_alg_core_hw.tcl
1.120	1942428	180	ok	soft_processor/intel_niosv_common/hwtcl/hwtcl_add_parameters_cpu_architecture.tcl
1.120	1942428	14	ok	sld/core/altera_instrumentation_fabric/alt_sld_fab_wrapper_template.tcl
1.119	2010844	488	ok	seriallite_iii/example/ed_sim/scripts/seriallite_iii_ed_sim_hw.tcl
1.119	2010844	359	ok	altera_jesd204/src/lib/phy_adapter/altera_jesd204_phy_adapter_xs_hw.tcl
1.119	2010844	221	ok	vip/ip_library/component_ip/processing/alt_vip_tpg_alg_core/alt_vip_tpg_alg_core_hw.tcl
1.119	1942428	582	ok	alt_xcvr_reconfig/alt_xcvr_reconfig/alt_xcvr_reconfig_hw.tcl
1.118	717340	441	ok	hps/altera_interface_generator/api.tcl
1.118	717340	1243	ok	sopc_builder_ip/verification/altera_avalon_mm_monitor_bfm/altera_avalon_mm_monitor_hw.tcl
1.118	2010844	941	ok	alt_xcvr/altera_xcvr_native_phy/altera_xcvr_native_vi/tcl/fileset.tcl
1.118	2010844	596	ok	soft_processor/intel_niosv_common/intel_niosv_hw_lib.tcl
1.117	1942428	107	ok	emif/ip_arch_nd/timing/memphy_parameters.tcl
1.106	1942428	566	ok	alt_xcvr/altera_xcvr_native_phy/altera_xcvr_native_vi/tcl/interfaces.tcl
1.105	246196	106	ok	altera_dual_boot/altera_dual_boot/altera_dual_boot_hw_proc.tcl
1.103	2010844	339	ok	altera_emr_unloader/altera_emr_unloader_core/emr_unloader_core_hw.tcl
1.097	253632	437	ok	altera_mult_add/source/top/altera_mult_add_proc.tcl
1.095	253632	127	ok	vip/ip_library/component_ip/utility/alt_vip_vfb_wr_ctrl/alt_vip_vfb_wr_ctrl_hw.tcl
1.095	229028	198	ok	alt_mem_if/altera_mem_if_afi_muxes/altera_mem_if_rldramii_afi_mux/altera_mem_if_rldramii_afi_mux_hw.tcl
1.094	246196	163	ok	altera_iopll/top/altera_iopll_hw_elaboration.tcl
1.093	428088	288	ok	alt_xcvr/alt_xcvr_core/nf/tcl/nf_pma_rx_odi_simple.tcl
1.090	717340	291	ok	ethernet/alt_em10g32/MAC/alt_em10g32_ed_files_a10_1G_2_5G_1588v2.tcl
1.090	253632	113	ok	vip/ip_library/component_ip/schedulers/alt_vip_cvo_scheduler/alt_vip_cvo_scheduler_hw.tcl
1.088	253632	67	ok	altera_xcvr_det_latency/xcvr_generic/altera_xcvr_det_latency_common.tcl
1.088	1942428	529	ok	ethernet/alt_em10g32/example_design/LL10G_1G_10G_LINESIDE/hwtesting/system_console/external_phy/marvell/marvell_phy.tcl
1.086	253632	168	ok	dsp/altera_bch/bch_dec/gfm_generate.tcl
1.085	388580	509	ok	altera_hps/s10/altera_hps_stratix_10/elab_bridges.tcl
1.085	388580	151	ok	altera_parallel_flash_loader/altera_parallel_flash_loader_common.tcl
1.084	717340	320	ok	ethernet/alt_em10g32/MAC/alt_em10g32_ed_files_a10_lineside_1588v2.tcl
1.084	1942428	70	ok	ethernet/alt_em10g32/example_design/LL10G_1G_2_5G_10G/hwtesting/system_console/rcfg/mge_rcfg_inc.tcl
1.084	1942428	432	ok	altera_pll/source/top/alterapll_pin_map.tcl
1.082	253632	208	ok	ethernet/ethernet_ucore/altera_eth_lane_decoder_2_5g/altera_eth_lane_decoder_2_5g_hw.tcl
1.082	246196	426	ok	altera_hps/altera_hps_arria_10/interface_generator/api.tcl
1.080	388580	619	ok	alt_xcvr/altera_xcvr_10gbase_kr/stratix10/cpu/kr_dbg_cpu_s10_hw.tcl
1.080	253632	264	ok	ethernet/alt_em10g32/example_design/LL10G_LINESIDE_1588v2/hwtesting/system_console/phy/phy_ip_inc.tcl
1.080	1942428	319	ok	altera_temp_sense/altera_temp_sense_hw_proc.tcl
1.080	1942428	113	ok	alt_xcvr/altera_xcvr_native_phy/altera_xcvr_native_s10/design_example_rules/common_rules/parameter_rules/rule_mcgb_par.tcl
1.079	253632	507	ok	vip/ip_library/component_ip/processing/alt_vip_horiz_scaler_alg_core/alt_vip_horiz_scaler_alg_core_hw.tcl
1.079	246196	323	ok	alt_xcvr/alt_xcvr_ip_lib/alt_xcvr_data_pattern_gen/alt_xcvr_data_pattern_gen_hw.tcl
1.079	1942428	68	ok	altera_pcie/altera_pcie_avmm/altera_merlin_conduit_fanout_hw.tcl
1.076	2010844	211	ok	altera_lvds/top/pll.tcl
1.076	1942428	226	ok	altera_hdmi/src/rx/bitec_hdmi_rx_hw.tcl
1.076	175168	1063	ok	alt_mem_if/alt_mem_if_tcl_packages/civ_emif/ip_phy/main.tcl
1.075	717340	616	ok	altera_phylite/ip_driver/main.tcl
1.075	717340	444	ok	ethernet/alt_em10g32/example_design/LL10G_1G_2_5G_1588v2/hwtesting/system_console/mac/mac_inc.tcl
1.075	717340	144	ok	soft_processor/intel_niosv_common/hwtcl/hwtcl_add_parameters_traps.tcl
1.075	1942428	133	ok	vip/ip_library/component_ip/utility/alt_vip_message_width_adapt/alt_vip_message_width_adapt_hw.tcl
1.075	1942428	1039	ok	altera_soft_lvds/altera_soft_lvds_hw_extra.tcl
1.073	246196	299	ok	altera_jesd204/src/rx_mlpcs/altera_jesd204_rx_mlpcs_hw.tcl
1.073	1942428	230	ok	ethernet/alt_em10g32/example_design/LL10G_LINESIDE_1588v2/hwtesting/system_console/main.tcl
1.072	2010844	815	ok	emif/ip_arch_nd/qdr4.tcl
1.072	2010844	580	ok	ethernet/alt_eth_ultra/example_project/hwtest/altera/kr4/kr4.tcl
1.072	155472	1032	ok	alt_mem_if/alt_mem_if_interfaces/alt_mem_if_ddr3_emif/alt_mem_if_ddr3_emif_hw.tcl
1.071	717340	845	ok	emif/ip_arch_nd/rld3.tcl
1.071	717340	322	ok	ethernet/alt_em10g32/example_design/LL10G_1G_2_5G/hwtesting/system_console/mac/mac_inc.tcl
1.071	717340	246	ok	university_program/audio_video/video/altera_up_avalon_video_vip_bridges/altera_up_avalon_video_vip_to_raw_bridge_hw.tcl
1.071	1942428	208	ok	vip/ip_library/component_ip/processing/alt_vip_guard_bands_alg_core/alt_vip_guard_bands_alg_core_hw.tcl
1.071	1942428	1155	ok	sopc_builder_ip/altera_avalon_onchip_memory2/altera_avalon_onchip_memory2_hw.tcl
1.071	153460	915	ok	alt_mem_if/alt_mem_if_interfaces/alt_mem_if_lpddr2_emif/alt_mem_if_lpddr2_emif_hw.tcl
1.070	717340	556	ok	dsp/altera_vit_ii/src/tcl_libs/altera_vit_ii_example_design.tcl
1.070	388580	1311	ok	alt_xcvr/alt_xcvr_tcl_packages/gui/pll_reconfig.tcl
1.070	253632	1320	ok	merlin/altera_axi_bridge/altera_axi_bridge_hw.tcl
1.070	202864	1240	ok	alt_xcvr/alt_xcvr_core/nf/tcl/nf_atx_pll_param_mapping_util.tcl
1.070	2010844	568	ok	ethernet/alt_e2550/example_project/hwtest/altera/kr4/kr4.tcl
1.070	1942428	240	ok	university_program/input_output/altera_up_avalon_de0_nano_adc/altera_up_avalon_de0_nano_adc_hw.tcl
1.069	2010844	907	ok	megafunctions/ram_1port/ram_1_port_hw.tcl
1.069	2010844	456	ok	soft_processor/intel_niosv_common/hwtcl/hwtcl_lib.tcl
1.069	2010844	328	ok	altera_sl3/ed/ed_synth/scripts/altera_sl3_ed_synth_hw.tcl
1.069	2010844	172	ok	vip/ip_library/component_ip/schedulers/alt_vip_tpg_scheduler/alt_vip_tpg_scheduler_hw.tcl
1.069	2010844	15	ok	sld/jtag/altera_jtag_pins_bridge/altera_jtag_pins_bridge_hw.tcl
1.067	180756	1240	ok	alt_mem_if/alt_mem_if_tcl_packages/gui/qdrii_phy.tcl
1.057	253632	403	ok	dsp/altera_vit_ii/top_hw/altera_viterbi_ii_hw.tcl
1.055	253632	225	ok	dsp/altera_fir_compiler_ii/src/create_ast.tcl
1.054	1942428	38	ok	ethernet/alt_em10g32/example_design/LL10G_1G_10G_LINESIDE_1588v2/hwtesting/system_console/traffic_controller/avalonstloopback/avalon_st_loopback_inc.tcl
1.052	1942428	463	ok	altera_pcie/altera_pcie_hip_256_avmm/dynamic_controller/dma_control_hw.tcl
1.049	253632	48	ok	ethernet/alt_em10g32/example_design/LL10G_10GBASER_RegMode/hwtesting/system_console/gen_conf.tcl
1.049	253632	253	ok	common/hw_tcl_packages/altera_hwtcl_ipri.tcl
1.048	253632	246	ok	avalon_st/AtlanticComponentsShared/AtlanticCommonValidation.tcl
1.047	253632	33	ok	vip/ip_library/full_ip/alt_vip_cl_clp/alt_vip_cl_clp_sw.tcl
1.047	246196	499	ok	alt_xcvr/altera_xcvr_10gbase_kr/stratix10/altera_xcvr_10gkr_s10/tcl/fileset.tcl
1.046	253632	191	ok	megafunctions/lpm_shiftreg/make_var_wrapper.tcl
1.045	2010844	1113	ok	altera_hdmi/hw_demo/arria_10/rtl/nios.tcl
1.044	717340	72	ok	emif/ip_arch_nf/timing.tcl
1.044	246196	147	ok	alt_xcvr/alt_xcvr_ip_lib/alt_xcvr_if_fanout/alt_xcvr_if_fanout_hw.tcl
1.044	1942428	894	ok	common/hw_tcl_packages/altera_pe_message_format.tcl
1.043	1942428	225	ok	ethernet/alt_em10g32/example_design/LL10G_1G_10G_LINESIDE/hwtesting/system_console/traffic_controller/mon/mon_inc.tcl
1.042	246196	62	ok	alt_xcvr/altera_xcvr_pll/altera_xcvr_cdr_pll_s10/tcl/interfaces.tcl
1.041	253632	281	ok	dsp/altera_bch/bch_lib.tcl
1.041	246196	453	ok	altera_modular_adc/threshold_detect/altera_modular_adc_threshold_detect_hw.tcl
1.040	388580	163	ok	altera_parallel_flash_loader/altera_parallel_flash_loader_msgs.tcl
1.040	253632	37	ok	vip/ip_library/full_ip/alt_vip_cl_vfb/alt_vip_cl_vfb_sw.tcl
1.040	1942428	394	ok	altera_phylite/ip_agent/main.tcl
1.040	1942428	142	ok	altera_phylite/ip_top/ex_design/phylite_niosii_bridge/issp.tcl
1.039	717340	117	ok	emif/ip_top/diag/ddr4.tcl
1.039	253632	745	ok	ethernet/altera_eth_2_5g_system/altera_eth_2_5g_system_hw.tcl
1.039	1942428	39	ok	altera_dp/hw_demo/mst_av_sk_4k/runall.tcl
1.039	1942428	252	ok	ethernet/alt_em10g32/example_design/LL10G_1G_10G_LINESIDE_1588v2/hwtesting/system_console/test_functions.tcl
1.039	1942428	225	ok	ethernet/alt_em10g32/example_design/LL10G_1G_10G_LINESIDE_1588v2/hwtesting/system_console/traffic_controller/mon/mon_inc.tcl
1.038	253632	81	ok	ethernet/alt_e2550/hwtcl/sdc_tools.tcl
1.038	253632	35	ok	ethernet/alt_em10g32/example_design/LL10G_LINESIDE_1588v2/hwtesting/system_console/traffic_controller/mon/mon_reg_map.tcl
1.038	246196	81	ok	altera_hps/s10/util/quartus_locations_query.tcl
1.038	1942428	41	ok	ethernet/alt_em10g32/example_design/LL10G_1G_10G_LINESIDE_1588v2/hwtesting/system_console/basic/basic.tcl
1.037	388580	167	ok	altera_dp/hw_demo/av_sk_4k/altera_avalon_i2c/oc_i2c_master_hw.tcl
1.037	388580	136	ok	alt_xcvr/altera_xcvr_native_phy/altera_xcvr_native_s10/timing/nativephy_helper_functions.tcl
1.037	253632	264	ok	ethernet/alt_em10g32/example_design/LL10G_1G_10G_LINESIDE_1588v2/hwtesting/system_console/phy/phy_ip_inc.tcl
1.036	246196	92	ok	alt_xcvr/altera_xcvr_native_phy/altera_xcvr_native_s10/design_example_rules/rule_basic_enhanced_pcs/rule_basic_enhanced_pcs.tcl
1.036	246196	225	ok	altera_hdmi/src/tx/bitec_hdmi_tx_hw.tcl
1.036	2010844	601	ok	altera_msgdma/dispatcher/dispatcher_hw.tcl
1.035	717340	142	ok	emif/ip_top/phy/qdr4.tcl
1.035	246196	45	ok	alt_xcvr/altera_xcvr_native_phy/dx_altera_xcvr_native_a10/design_example_rules/common_rules/rule_rst_ctrl_and_pll_con.tcl
1.034	388580	71	ok	alt_xcvr/altera_xcvr_cal/altera_xcvr_cal_a10/tcl/interfaces.tcl
1.034	388580	214	ok	altera_interrupt_latency_calculator/interrupt_latency_counter_hw.tcl
1.034	1942428	70	ok	alt_xcvr/altera_xcvr_native_phy/altera_xcvr_native_s10/design_example_rules/common_rules/parameter_rules/rule_atx_pll_par.tcl
1.033	388580	706	ok	altera_epcq_controller/altera_epcq_controller_wrapper_hw.tcl
1.033	253632	26	ok	common/hw_tcl_packages/pkgIndex.tcl
1.033	2010844	605	ok	merlin/altera_tristate_conduit_pin_sharer_core/altera_tristate_conduit_pin_sharer_core_hw.tcl
1.032	253632	151	ok	altera_vid/tcl/interfaces.tcl
1.032	253632	151	ok	altera_sl3/src/lib/pll_wrapper/altera_sl3_pll_hw.tcl
1.032	246196	192	ok	alt_xcvr/altera_xcvr_10gbase_kr/altera_xcvr_10gbase_kr/tcl/interfaces.tcl
1.031	253632	133	ok	vip/ip_library/full_ip/alt_vip_cl_packet_closer/alt_vip_cl_packet_closer_hw.tcl
1.031	1942428	18	ok	ethernet/alt_em10g32/example_design/LL10G_10GBASER/simulation/ed_sim/cadence/ncsim_wave.tcl
1.030	253632	761	ok	mentor_vip_ae/axi4/bfm/mgc_axi4_inline_monitor_hw.tcl
1.030	2010844	121	ok	altera_hps/s10/util/xml.tcl
1.029	253632	146	ok	ethernet/alt_e2550/example_project/hwtest/common/jtag_basic.tcl
1.029	1942428	584	ok	ethernet/alt_em10g32/MAC/alt_em10g32_ed_files.tcl
1.029	1942428	471	ok	altera_iopll_reconfig/iopll_reconfig_hw.tcl
1.029	1942428	319	ok	altera_pcie/altera_pcie_s10_hip_ast/nd/tcl/ct1_hssi_common_util.tcl
1.029	1942428	254	ok	university_program/bridges/altera_up_external_bus_to_avalon_bridge/altera_up_external_bus_to_avalon_bridge_hw.tcl
1.028	428088	98	ok	alt_xcvr/alt_xcvr_core/nf/tcl/nf_hssi_common_pld_pcs_interface_rbc.tcl
1.028	388580	454	ok	altera_asmi_parallel/altera_asmi_parallel_hw.tcl
1.028	253632	387	ok	ethernet/alt_e2550/hwtcl/parameters.tcl
1.028	253632	369	ok	megafunctions/rom_1port/make_var_wrapper.tcl
1.028	253632	356	ok	ethernet/ethernet_ucore/altera_eth_1588_tod/altera_eth_1588_tod_hw.tcl
1.028	1942428	745	ok	emif/ip_top/ex_design/make_qsys.tcl
1.026	253632	105	ok	emif/util/arch_expert.tcl
1.026	246196	583	ok	alt_xcvr/altera_xcvr_10gbase_kr/stratix10/cpu/kr_cpu_s10_hw.tcl
1.025	229028	247	ok	alt_xaui/lib/ipcc_tcl_helper.tcl
1.024	253632	575	ok	hps/util/pll_model.tcl
1.024	253632	177	ok	emif/ip_ctrl/common/util.tcl
1.024	1942428	295	ok	alt_xcvr/altera_xcvr_native_phy/altera_xcvr_native_s10/tcl/parameters_ct1_analog.tcl
1.024	152144	1411	ok	alt_eth_40g_100g/alt_e40_e100/fileset.tcl
1.023	253632	109	ok	ethernet/ethernet_ucore/altera_eth_adapters/altera_eth_splitter/altera_eth_splitter_hw.tcl
1.023	227272	313	ok	alt_xcvr/alt_xcvr_core/nf/tcl/nf_hssi_krfec_tx_pcs_rbc.tcl
1.022	2010844	272	ok	dsp/lib/tcl/dspip_common.tcl
1.021	717340	461	ok	altera_phylite/ip_arch_nd/pll.tcl
1.021	717340	303	ok	university_program/audio_video/video/altera_up_avalon_video_decoder/altera_up_avalon_video_decoder_hw.tcl
1.021	717340	241	ok	university_program/audio_video/video/altera_up_avalon_video_ascii_to_image/altera_up_avalon_video_ascii_to_image_hw.tcl
1.021	428088	308	ok	alt_xcvr/alt_xcvr_core/nf/tcl/nf_hssi_pipe_gen3_simple.tcl
1.021	253632	932	ok	seriallite_iii/src/pll.tcl
1.021	2010844	228	ok	university_program/audio_video/video/altera_up_avalon_video_edge_detection/altera_up_avalon_video_edge_detection_hw.tcl
1.021	155472	762	ok	alt_mem_if/alt_mem_if_phys/alt_mem_if_lpddr2_phy_core/altera_mem_if_lpddr2_phy_core_hw.tcl
1.021	153460	857	ok	alt_mem_if/alt_mem_if_example_designs/alt_mem_if_ddr2_tg_ed/alt_mem_if_ddr2_tg_ed_hw.tcl
1.020	717340	812	ok	emif/ip_arch_nd/qdr2.tcl
1.020	717340	365	ok	emif/ip_arch_nd/util.tcl
1.020	717340	212	ok	vip/ip_library/component_ip/schedulers/alt_vip_cps_scheduler/alt_vip_cps_scheduler_hw.tcl
1.020	2010844	546	ok	emif/ip_arch_nd/enum_defs_seq_param_tbl.tcl
1.020	2010844	223	ok	vip/ip_library/component_ip/processing/alt_vip_video_output_bridge/alt_vip_video_output_bridge_hw.tcl
1.020	2010844	204	ok	vip/ip_library/component_ip/processing/alt_vip_crs_h_up_core/alt_vip_crs_h_up_core_hw.tcl
1.020	1942428	826	ok	emif/ip_arch_nf/qdr4.tcl
1.020	1942428	197	ok	sopc_builder_ip/altera_avalon_mega_common/ipcc_tcl_helper.tcl
1.020	171004	877	ok	alt_mem_if/alt_mem_if_phys/alt_mem_if_qdrii_phy_core/constraints/memphy_report_timing.tcl
1.019	388580	880	ok	alt_xcvr/alt_xcvr_tcl_packages/ip_tcl/ip_module_12_1.tcl
1.019	253632	650	ok	dsp/altera_nco_ii/altera_nco_ii_hw.tcl
1.019	1942428	529	ok	ethernet/alt_em10g32/example_design/LL10G_LINESIDE_1588v2/hwtesting/system_console/external_phy/marvell/marvell_phy.tcl
1.019	1942428	353	ok	altera_xcvr_det_latency/soft_pcs/altera_xcvr_dl_soft_pcs_val_params.tcl
1.018	2010844	814	ok	emif/ip_arch_nf/qdr2.tcl
1.018	1942428	604	ok	emif/ip_arch_nd/pll.tcl
1.018	171004	659	ok	alt_mem_if/alt_mem_if_phys/alt_mem_if_rldramii_phy_core/altera_mem_if_rldramii_phy_core_hw.tcl
1.017	388580	736	ok	alt_xcvr/alt_xcvr_tcl_packages/utils/device.tcl
1.017	253632	127	ok	altera_pcie/altera_pcie_hip_ast_tbed/tbed_pcie_sv_parameters.tcl
1.017	227272	294	ok	alt_xcvr/alt_xcvr_core/nf/tcl/nf_pma_cdr_refclk_rbc.tcl
1.017	1942428	200	ok	pgm/altera_asmi_parallel2_top/altera_asmi_parallel2_top_hw_proc.tcl
1.017	171984	970	ok	alt_mem_if/alt_mem_if_example_designs/alt_mem_if_ddr3_tg_ed/alt_mem_if_ddr3_tg_ed_hw.tcl
1.012	388580	572	ok	altera_pcie/altera_pcie_s10_hip_ast/altera_pcie_s10_hip_ast_fileset.tcl
1.005	388580	48	ok	altera_hps/s10/device_tree_generation/timer_hw.tcl
1.005	2010844	58	ok	altera_hdmi/hw_demo/av_sk_hdmi2/build_ip.tcl
1.004	253632	50	ok	hps/hard_peripheral_logical_view/l2/l2_hw.tcl
1.002	253632	94	ok	ethernet/alt_em10g32/example_design/LL10G_1G_2_5G_10G/hwtesting/system_console/main.tcl
1.002	1942428	37	ok	alt_xcvr/altera_xcvr_native_phy/altera_xcvr_native_s10/design_example_rules/common_rules/connection_rules/rule_freq_check_con.tcl
1.000	246196	160	ok	alt_xcvr/altera_xcvr_pll/altera_xcvr_fpll_vi/tcl/interfaces.tcl
1.000	1942428	29	ok	ethernet/alt_em10g32/example_design/LL10G_1G_2_5G/simulation/ed_sim/cadence/ncsim_wave.tcl
1.000	1942428	132	ok	altera_pcie/altera_pcie_hip_256_avmm/channelizer/channelizer_hw.tcl
0.997	717340	35	ok	emif/util/hwtcl_debug.tcl
0.997	388580	17	ok	alt_xcvr/altera_xcvr_native_phy/sv/pkgIndex.tcl
0.995	388580	276	ok	altera_oct/altera_oct_top/altera_oct_hw.tcl
0.995	253632	35	ok	ethernet/alt_em10g32/example_design/LL10G_1G_10G_LINESIDE/hwtesting/system_console/traffic_controller/mon/mon_reg_map.tcl
0.994	717340	49	ok	emif/ip_ecc/ip_top/altera_emif_ecc_hw.tcl
0.994	253632	139	ok	ethernet/alt_em10g32/example_design/LL10G_1G_2_5G/hwtesting/system_console/traffic_controller/traffic_controller.tcl
0.994	246196	297	ok	altera_jesd204/src/tx/altera_jesd204_tx_hw.tcl
0.994	1942428	251	ok	rs_ii/src/rs_ucores/dec/altera_rs_ser_correct/altera_rs_ser_correct_hw.tcl
0.993	246196	393	ok	altera_adv_seu_detection/adv_seu_detection_hw.tcl
0.992	253632	552	ok	ethernet/tse_ucores/altera_eth_tse_pcs_pma_phyip/altera_eth_tse_pcs_pma_phyip_hw.tcl
0.992	253632	19	ok	ethernet/alt_e2550/example_project/hwtest/reg_test.tcl
0.992	1942428	47	ok	alt_xcvr/altera_xcvr_native_phy/cv/tcl/module.tcl
0.991	717340	48	ok	ethernet/alt_em10g32/example_design/LL10G_10GBASER/hwtesting/system_console/gen_and_mon_conf.tcl
0.991	717340	172	ok	emif/ip_top/ex_design/make_sim_design.tcl
0.991	253632	60	ok	altera_phylite/ip_arch_nd/altera_phylite_arch_nd_hw.tcl
0.991	253632	380	ok	altera_pll_reconfig/pll_reconfig_hw.tcl
0.991	246196	136	ok	alt_xcvr_reconfig/alt_xcvr_reconfig_soc/alt_xcvr_reconfig_cpu_ctrl_if_hw.tcl
0.991	1942428	77	ok	alt_xcvr/altera_xcvr_reset_control_s10/tcl/interfaces.tcl
0.990	717340	56	ok	ethernet/alt_em10g32/example_design/LL10G_10G_USXGMII/hwtesting/system_console/system_base_addr_map.tcl
0.990	717340	184	ok	emif/ip_top/protocol_expert.tcl
0.990	388580	58	ok	alt_xcvr/altera_xcvr_pll/altera_xcvr_fpll_vi/tcl/module.tcl
0.990	246196	142	ok	alt_xcvr/altera_xcvr_pll/av/tcl/parameters.tcl
0.989	388580	371	ok	altera_iopll/test/altera_iopll_util_tests.tcl
0.988	246196	16	ok	altera_jesd204/ed/ed_sim/scripts/wave.tcl
0.988	1942428	48	ok	alt_xcvr/alt_xcvr_tcl_packages/pkgIndex.tcl
0.987	1942428	46	ok	alt_xcvr/altera_xcvr_native_phy/dx_altera_xcvr_native_a10/design_example_rules/common_rules/rule_rst_ctrl_and_native_con.tcl
0.987	1942428	278	ok	altera_crcerror_verify/crcerror_verify_hw.tcl
0.986	717340	168	ok	emif/ip_top/ex_design/make_devkit_ex_design.tcl
0.986	253632	202	ok	ethernet/alt_em10g32/example_design/LL10G_10G_USXGMII/hwtesting/system_console/traffic_controller/mon/mon_inc.tcl
0.986	229028	382	ok	alt_mem_if/altera_avalon_mm_traffic_generator/pof_avalon_mm_traffic_generator_core/pof_avalon_mm_traffic_generator_core_hw.tcl
0.986	1942428	73	ok	altera_16550_uart/altera_16550_uart_sw.tcl
0.986	1942428	132	ok	emif/ip_top/phy/rld3.tcl
0.985	253632	353	ok	dsp/altera_fp_matrix_mult/altera_fp_matrix_mult_hw.tcl
0.985	253632	235	ok	iconnect/alt_hiconnect_demux/alt_hiconnect_demux_hw.tcl
0.985	1942428	325	ok	alt_xcvr/alt_xcvr_tcl_packages/ip_tcl/ip_interfaces.tcl
0.984	717340	197	ok	emif/ip_top/phy/ddr3.tcl
0.984	1942428	259	ok	altera_phylite/ip_arch_nd/timing/memphy_report_timing.tcl
0.984	1942428	196	ok	altera_pcie/altera_pcie_a10_tbed/verilog/pcie_mti_setup.tcl
0.983	253632	202	ok	ethernet/alt_em10g32/example_design/LL10G_1G_2_5G_10G/hwtesting/system_console/traffic_controller/mon/mon_inc.tcl
0.983	2010844	405	ok	altera_hps/s10/interface_generator/api.tcl
0.983	1942428	71	ok	alt_xcvr/altera_xcvr_native_phy/altera_xcvr_native_s10/design_example_rules/common_rules/parameter_rules/rule_slp_data_gen_check_par.tcl
0.982	253632	232	ok	ethernet/ethernet_ucore/altera_eth_gmii_crc/altera_eth_gmii_crc_hw.tcl
0.982	1942428	557	ok	altera_pcie/altera_pcie_hip_ast_tbed/altera_pcie_tbed_sv_hw.tcl
0.982	1942428	36	ok	altera_hps/altera_hps_arria_10/util/nf4_soc.tcl
0.982	1942428	314	ok	altera_phylite/ip_arch_nd/ioaux_param_table.tcl
0.982	1942428	264	ok	alt_xcvr/alt_xcvr_ip_lib/alt_xcvr_sc_debug/alt_xcvr_sc_debug_script.tcl
0.981	2010844	381	ok	altera_iopll/test/altera_iopll_hwtcl_tests.tcl
0.981	1942428	229	ok	megafunctions/rom_1port/csv_ui_loader.tcl
0.981	1942428	183	ok	altera_nios_custom_instr_floating_point_2/altera_nios_custom_instr_floating_point_2_multi/fpoint2_multi_qsys_hw.tcl
0.980	586408	68	ok	alt_xcvr/alt_xcvr_core/nf/tcl/nf_hssi_fifo_rx_pcs_rbc.tcl
0.980	253632	790	ok	dsp/altera_fir_compiler_ii/src/gen_testbench.tcl
0.980	1942428	808	ok	altera_pcie/altera_pcie_s10_hip_ast/altera_pcie_s10_hip_ast_interfaces.tcl
0.979	717340	393	ok	ethernet/alt_em10g32/example_design/LL10G_1G_10G_LINESIDE_1588v2/hwtesting/system_console/external_phy/marvell/sfpp_i2c.tcl
0.979	717340	150	ok	ethernet/alt_em10g32/example_design/LL10G_1G_10G_LINESIDE_1588v2/hwtesting/system_console/external_phy/bcm/bcm_phy.tcl
0.979	388580	259	ok	altera_dp/hw_demo/mst_sv/assignments.tcl
0.979	253632	95	ok	ethernet/alt_eth_ultra/hwtcl/sdc_tools.tcl
0.979	253632	546	ok	ethernet/tse_ucores/altera_eth_tse_pcs_pma_nf_lvds/altera_eth_tse_pcs_pma_nf_lvds_hw.tcl
0.979	253632	377	ok	ethernet/ethernet_ucore/altera_eth_valid_timestamp_detector/altera_eth_valid_timestamp_detector_hw.tcl
0.979	2010844	183	ok	altera_hps/altera_hps_arria_10/util/locations.tcl
0.979	1942428	279	ok	ethernet/alt_em10g32/example_design/LL10G_10GBASER/hwtesting/system_console/csr_pkg.tcl
0.978	717340	279	ok	ethernet/alt_em10g32/example_design/LL10G_10GBASER_RegMode/hwtesting/system_console/csr_pkg.tcl
0.978	388580	473	ok	alt_xcvr/altera_xcvr_native_phy/altera_xcvr_native_s10/tcl/fileset.tcl
0.978	253632	271	ok	ethernet/alt_em10g32/MAC/alt_em10g32_ed_files_a10_10g_usxgmii.tcl
0.978	253632	266	ok	altera_sl3/src/sink/altera_sl3_sink_mac_hw.tcl
0.978	253632	165	ok	emif/ip_top/phy/qdr2.tcl
0.978	253632	1507	ok	altera_pcie/altera_pcie_avmm/altera_pcie_hard_ip_hw.tcl
0.978	2010844	215	ok	altera_modular_adc/sample_store/altera_modular_adc_sample_store_hw.tcl
0.978	1942428	675	ok	alt_xcvr/altera_xcvr_10gbase_kr/arria10/altera_xcvr_10gkr_a10/tcl/fileset.tcl
0.977	388580	147	ok	altera_modular_adc/conduit_splitter/altera_modular_adc_conduit_splitter_hw.tcl
0.977	253632	380	ok	megafunctions/ram_1port/make_var_wrapper.tcl
0.977	253632	137	ok	emif/ip_ctrl/ip_qdr4/main.tcl
0.977	229028	64	ok	alt_mem_if/altera_mem_if_nios2_hal/altera_nios2_hal_common.tcl
0.977	1942428	113	ok	alt_xcvr/alt_xcvr_ip_lib/alt_xcvr_prbs_check/alt_xcvr_prbs_check_hw.tcl
0.976	388580	171	ok	altera_modular_adc/response_merge/altera_modular_adc_response_merge_hw.tcl
0.976	253632	1243	ok	altera_pcie/altera_pcie_a10_hip/altera_pcie_a10_hip_interfaces.tcl
0.976	1942428	603	ok	altera_pcie/altera_pcie_a10_hip/nf/tcl/nf_hssi_parameters.tcl
0.976	1942428	552	ok	alt_xcvr/alt_xcvr_tcl_packages/de_tcl/data.tcl
0.975	388580	902	ok	altera_msgdma/top/altera_msgdma_hw.tcl
0.975	246196	316	ok	alt_xcvr_reconfig/alt_xcvr_reconfig/alt_xreconf_common.tcl
0.975	2010844	647	ok	alt_xcvr/altera_xcvr_10gbase_kr/arria10/altera_xcvr_10gkr_a10/tcl/parameters.tcl
0.975	2010844	516	ok	alt_xcvr/alt_xcvr_tcl_packages/de_tcl/qsys_conversion.tcl
0.975	1942428	886	ok	sopc_builder_ip/verification/altera_avalon_mm_slave_bfm/altera_avalon_mm_slave_bfm_hw.tcl
0.974	717340	29	ok	ethernet/alt_em10g32/example_design/LL10G_10GBASER_RegMode/simulation/ed_sim/cadence/ncsim_wave.tcl
0.974	388580	39	ok	altera_dp/hw_demo/mst_sv/runall.tcl
0.974	253632	717	ok	megafunctions/rom_2port/make_var_wrapper.tcl
0.974	253632	327	ok	avalon_st/altera_avalon_st_handshake_clock_crosser/altera_avalon_st_handshake_clock_crosser_hw.tcl
0.973	717340	131	ok	vip/ip_library/component_ip/schedulers/alt_vip_interlacer_scheduler/alt_vip_interlacer_scheduler_hw.tcl
0.973	388580	319	ok	altera_pcie/altera_pcie_a10_hip/nf/tcl/nf_hssi_common_util.tcl
0.973	1942428	159	ok	vip/ip_library/component_ip/processing/alt_vip_crs_v_down_core/alt_vip_crs_v_down_core_hw.tcl
0.973	155472	790	ok	alt_mem_if/alt_mem_if_phys/alt_mem_if_ddr3_phy_core/altera_mem_if_ddr3_phy_core_hw.tcl
0.972	253632	201	ok	altera_phylite/ip_arch_nf/sdc.tcl
0.972	253632	169	ok	emif/ip_mem_model/ip_core_qdr4/main.tcl
0.972	171984	676	ok	alt_mem_if/alt_mem_if_phys/alt_mem_if_ddr2_hard_phy_core/altera_mem_if_ddr2_hard_phy_core_hw.tcl
0.972	171984	469	ok	alt_mem_if/alt_mem_if_phys/alt_mem_if_rldramii_phy_core/constraints/sv/memphy_pin_assignments.tcl
0.972	155472	781	ok	alt_mem_if/alt_mem_if_phys/alt_mem_if_ddr3_phy_core/constraints/acv/memphy_report_timing.tcl
0.971	717340	696	ok	vip/ip_library/common_tcl/alt_vip_parameters_common.tcl
0.971	717340	1072	ok	altera_uflex_interlaken/uflex_ilk_top/altera_uflex_ilk_hw.tcl
0.971	388580	448	ok	alt_xcvr/alt_xcvr_core/nf/tcl/nf_pma_tx_ser_simple.tcl
0.971	253632	91	ok	megafunctions/altmult_complex/clearbox.tcl
0.971	1942428	50	ok	altera_hps/altera_hps_arria_10/util/quartus_pin_mux_db_part_query.tcl
0.970	717340	619	ok	sopc_builder_ip/altera_avalon_timer/altera_avalon_timer_hw.tcl
0.970	388580	282	ok	altera_jesd204/src/tx_mlpcs/altera_jesd204_tx_mlpcs_hw.tcl
0.970	341924	932	ok	alt_mem_if/alt_mem_if_tcl_packages/gui/uniphy_phy.tcl
0.970	2010844	497	ok	emif/ip_tg_avl_2/main.tcl
0.970	1942428	894	ok	sopc_builder_ip/verification/altera_avalon_mm_master_bfm/altera_avalon_mm_master_bfm_hw.tcl
0.970	1942428	584	ok	native_mac/s10/fourteennm_mac_native_hw_extra.tcl
0.970	1942428	146	ok	vip/ip_library/component_ip/processing/alt_vip_video_over_film/alt_vip_video_over_film_hw.tcl
0.970	171984	851	ok	alt_mem_if/alt_mem_if_example_designs/alt_mem_if_lpddr2_tg_ed/alt_mem_if_lpddr2_tg_ed_hw.tcl
0.970	171984	761	ok	alt_mem_if/alt_mem_if_phys/alt_mem_if_qdrii_phy_core/constraints/sv/memphy_report_timing.tcl
0.970	171984	709	ok	alt_mem_if/alt_mem_if_tcl_packages/civ_emif/ip_ctl/main.tcl
0.970	171984	1025	ok	alt_mem_if/alt_mem_if_controllers/altera_mem_if_ddr3_hard_memory_controller/altera_mem_if_ddr3_hard_memory_controller_hw.tcl
0.969	717340	822	ok	sopc_builder_ip/altera_avalon_sgdma/altera_avalon_sgdma_hw.tcl
0.969	202864	1020	ok	alt_mem_if/alt_mem_if_tcl_packages/gui/ddrii_sram_phy.tcl
0.969	2010844	225	ok	university_program/audio_video/altera_up_avalon_character_lcd/altera_up_avalon_character_lcd_hw.tcl
0.969	1942428	67	ok	alt_xcvr/altera_xcvr_pll/altera_xcvr_atx_pll_s10/tcl/interface_data.tcl
0.969	175168	766	ok	alt_mem_if/alt_mem_if_phys/alt_mem_if_ddr2_phy_core/altera_mem_if_ddr2_phy_core_hw.tcl
0.969	171984	658	ok	alt_mem_if/alt_mem_if_phys/alt_mem_if_qdrii_phy_core/altera_mem_if_qdrii_phy_core_hw.tcl
0.968	253632	79	ok	altera_pcie/altera_pcie_a10_ed/example_design/altpcied_qii.tcl
0.968	2010844	993	ok	sopc_builder_ip/altera_avalon_dma/altera_avalon_dma_hw.tcl
0.968	2010844	196	ok	university_program/audio_video/video/altera_up_avalon_video_test_pattern/altera_up_avalon_video_test_pattern_hw.tcl
0.968	2010844	122	ok	soft_processor/altera_hal2/altera_hal_callbacks.tcl
0.968	2010844	1144	ok	sopc_builder_ip/altera_avalon_fifo/altera_avalon_fifo_hw.tcl
0.968	1942428	70	ok	vip/ip_library/component_ip/utility/alt_vip_pip_sop_realign/alt_vip_pip_sop_realign_hw.tcl
0.967	717340	806	ok	emif/ip_arch_nf/rld2.tcl
0.967	253632	571	ok	altera_pcie/altera_pcie_a10_tbed/altera_pcie_a10_tbed_hw.tcl
0.967	1942428	627	ok	hps/util/isw.tcl
0.962	388580	333	ok	altera_pcie/altera_pcie_hip_ast_ed/altera_pcie_hip_ast_ed_hw.tcl
0.962	246196	168	ok	altera_hps/s10/util/locations.tcl
0.962	246196	143	ok	altera_modular_adc/dual_adc_synchronizer/altera_modular_adc_dual_sync_hw.tcl
0.956	388580	42	ok	alt_xcvr/altera_xcvr_native_phy/dx_altera_xcvr_native_a10/design_example_rules/rule_basic_enhanced_pcs/rule_basic_enhanced_pcs_tx.tcl
0.955	717340	61	ok	ethernet/alt_em10g32/example_design/LL10G_10GBASER/hwtesting/system_console/reconfig.tcl
0.955	1942428	52	ok	altera_dp/hw_demo/cv/build_ip.tcl
0.954	253632	62	ok	ethernet/alt_em10g32/example_design/LL10G_LINESIDE/simulation/ed_sim/mentor/tb_run.tcl
0.953	2010844	530	ok	altera_parallel_flash_loader/altera_parallel_flash_loader_csv_reader.tcl
0.952	253632	146	ok	altera_oct/altera_oct_top/ex_design/make_sim_design.tcl
0.952	1942428	162	ok	altera_hdmi/hw_demo/sv_hdmi2/assignments.tcl
0.951	388580	186	ok	alt_xcvr/altera_xcvr_reset_control_s10/tcl/parameters.tcl
0.949	717340	134	ok	emif/ip_cal_slave/ip_core_nf/main.tcl
0.949	253632	265	ok	avalon_st/altera_avalon_st_tap/altera_avalon_st_tap_hw.tcl
0.948	717340	274	ok	emif/ip_arch_nd/timing/memphy_report_io_timing.tcl
0.947	388580	119	ok	altera_hps/altera_hps_arria_10/util/constants.tcl
0.946	388580	18	ok	alt_xcvr/altera_xcvr_pll/altera_xcvr_atx_pll_vi/pkgIndex.tcl
0.946	253632	264	ok	ethernet/alt_em10g32/example_design/LL10G_1G_10G_LINESIDE/hwtesting/system_console/phy/phy_ip_inc.tcl
0.946	246196	142	ok	alt_xcvr/altera_xcvr_pll/sv/tcl/parameters.tcl
0.944	2010844	170	ok	altera_jesd204/ed/ed_synth/gen_quartus_synth_a10.tcl
0.943	253632	59	ok	hps/hard_peripheral_logical_view/spi/spi_hw.tcl
0.943	246196	94	ok	altera_asmi_parallel/clearbox.tcl
0.943	246196	75	ok	alt_xcvr/altera_xcvr_reset_control/tcl/interfaces.tcl
0.942	388580	213	ok	altera_jesd204/src/lib/pll_wrapper/altera_jesd204_pll_hw.tcl
0.942	1942428	56	ok	ethernet/alt_em10g32/example_design/LL10G_10G_USXGMII/hwtesting/system_console/channel_setting.tcl
0.942	1942428	48	ok	ethernet/alt_em10g32/example_design/LL10G_10GBASER_RegMode/hwtesting/system_console/gen_and_mon_conf.tcl
0.940	253632	345	ok	avalon_st/altera_avalon_st_delay/altera_avalon_st_delay_hw.tcl
0.940	253632	28	ok	ethernet/alt_em10g32/example_design/LL10G_10G_USXGMII/hwtesting/system_console/phy/phy_ip_reg_map.tcl
0.940	1942428	278	ok	emif/ip_top/mem/rld3.tcl
0.939	717340	89	ok	emif/ip_top/ctrl/rld2.tcl
0.939	253632	163	ok	altera_xcvr_det_latency/soft_pcs/altera_xcvr_dl_soft_pcs_hw.tcl
0.939	175168	164	ok	alt_mem_if/alt_mem_if_tcl_packages/civ_emif/ip_top/ex_design/make_sim_design.tcl
0.938	717340	23	ok	ethernet/alt_e2550/example_project/hwtest/50g/status.tcl
0.938	388580	61	ok	alt_xcvr/altera_xcvr_native_phy/altera_xcvr_native_s10/design_example_rules/common_rules/connection_rules/rule_x1x2_if_adapter_con.tcl
0.938	253632	56	ok	emif/ip_tg_avl/altera_emif_tg_avl_hw.tcl
0.938	253632	22	ok	ethernet/alt_em10g32/example_design/LL10G_1G_2_5G/hwtesting/system_console/phy/phy_ip_reg_map.tcl
0.938	253632	190	ok	megafunctions/lpm_clshift/make_var_wrapper.tcl
0.938	246196	143	ok	altera_iopll_reconfig/iopll_reconfig_hw_mif_validation.tcl
0.938	1942428	17	ok	alt_xcvr/altera_xcvr_pll/av/pkgIndex.tcl
0.937	717340	161	ok	ethernet/alt_em10g32/example_design/LL10G_1G_10G_LINESIDE/hwtesting/system_console/traffic_controller/traffic_controller.tcl
0.936	253632	421	ok	megafunctions/lpm_decode/lpm_decode_hw.tcl
0.936	253632	388	ok	iconnect/alt_hiconnect_av_mstr_agent/alt_hiconnect_av_mstr_agent_hw.tcl
0.936	253632	274	ok	ethernet/ethernet_ucore/altera_eth_pfc_generator/altera_eth_pfc_generator_hw.tcl
0.936	253632	123	ok	altera_xcvr_8g_custom/xcvr_generic/xcvr_custom_phy_hw_common.tcl
0.936	229028	216	ok	alt_mem_if/ed_comps/altera_mem_if_pp_mem_model_bridge/altera_mem_if_pp_mem_model_bridge_hw.tcl
0.936	1942428	80	ok	ethernet/alt_em10g32/example_design/LL10G_1G_2_5G/hwtesting/system_console/phy/phy_ip_inc.tcl
0.935	717340	393	ok	ethernet/alt_em10g32/example_design/LL10G_1G_10G_LINESIDE/hwtesting/system_console/external_phy/marvell/sfpp_i2c.tcl
0.935	253632	353	ok	sopc_builder_ip/verification/altera_nios2_custom_instr_slave_bfm/altera_nios2_custom_instr_slave_bfm_hw.tcl
0.935	253632	249	ok	megafunctions/altsqrt/altsqrt_hw.tcl
0.935	253632	191	ok	altera_remote_update/altera_remote_update_hw_core_proc.tcl
0.935	1942428	418	ok	alt_xcvr/altera_xcvr_10gbase_kr/com_design_ex/enhanced_bundle/sim_n.tcl
0.935	1942428	34	ok	altera_pcie/altera_pcie_s10_hip_avmm_bridge/altera_pcie_s10_dma_controller/altera_pcie_s10_dma_controller_parameters.tcl
0.934	253632	71	ok	common/hw_tcl_packages/quartus_bindir.tcl
0.934	1942428	96	ok	alt_xcvr/alt_xcvr_ip_lib/alt_xcvr_bitrev_byterev_polinv/alt_xcvr_bitrev_byterev_polinv_hw.tcl
0.934	1942428	62	ok	ethernet/alt_em10g32/example_design/LL10G_1G_2_5G_1588v2/hwtesting/system_console/system_base_addr_map.tcl
0.934	1942428	569	ok	alt_xcvr/altera_xcvr_pcie_hip_native/altera_xcvr_pcie_hip_native_s10/altera_xcvr_pcie_hip_native_s10_hw.tcl
0.934	1942428	270	ok	alt_xcvr/alt_xcvr_ip_lib/alt_xcvr_data_pattern_check/alt_xcvr_data_pattern_check_hw.tcl
0.933	717340	58	ok	emif/ip_ctrl/ip_qdr2/altera_emif_ctrl_qdr2_hw.tcl
0.933	388580	45	ok	alt_xcvr/altera_xcvr_pll/altera_xcvr_atx_pll_s10/tcl/module.tcl
0.933	253632	18	ok	ethernet/alt_em10g32/example_design/LL10G_LINESIDE_1588v2/hwtesting/system_console/traffic_controller/avalonstloopback/avalon_st_loopback_reg_map.tcl
0.933	246196	365	ok	alt_xcvr/altera_xcvr_pll/altera_xcvr_fpll_s10/tcl/fileset.tcl
0.933	2010844	219	ok	altera_lvds/top/ex_design/dps_issp.tcl
0.933	1942428	240	ok	altera_gpio/altera_gpio_top/altera_gpio_hw.tcl
0.932	717340	34	ok	emif/ip_board_delay_model/util.tcl
0.932	388580	67	ok	altera_modular_adc/top/altera_modular_adc_sw.tcl
0.932	253632	389	ok	altera_msi_to_gic_gen/altera_msi_to_gic_gen_hw.tcl
0.932	253632	222	ok	ethernet/ethernet_ucore/altera_eth_link_fault_generation_unidirectional/altera_eth_link_fault_generation_unidirectional_hw.tcl
0.932	2010844	63	ok	altera_msgdma/top/altera_msgdma_sw.tcl
0.931	253632	45	ok	altera_phylite/ip_arch_nd/timing/memphy_ip_parameters.tcl
0.931	253632	177	ok	altera_phylite/ip_top/ex_design/make_qii_design.tcl
0.931	246196	26	ok	altera_lvds/util/pkgIndex.tcl
0.931	246196	129	ok	altera_gpio/altera_gpio_top/ex_design/make_qii_design.tcl
0.930	717340	98	ok	emif/ip_tg_afi/ip_qdr4/main.tcl
0.930	253632	821	ok	ethernet/ethernet_ucore/altera_eth_gmii_mii_encoder/altera_eth_gmii_mii_encoder_hw.tcl
0.930	246196	31	ok	alt_xcvr/alt_xcvr_tcl_packages/gui/pll_nf_common_parameters.tcl
0.930	246196	121	ok	altera_hps/s10/altera_hps_stratix_10/diagnostics.tcl
0.930	1942428	78	ok	altera_pcie/altera_pcie_avmm/altera_pcie_conduit_fanout_hw.tcl
0.930	1942428	436	ok	altera_pcie/altera_pcie_a10_ed/example_design/a10-revd-devkit-pinout-qsys-script.tcl
0.929	253632	94	ok	altera_temp_sense/clearbox.tcl
0.929	253632	18	ok	ethernet/alt_em10g32/example_design/LL10G_1G_10G_LINESIDE/hwtesting/system_console/traffic_controller/avalonstloopback/avalon_st_loopback_reg_map.tcl
0.929	1942428	92	ok	altera_pcie/altera_pcie_avmm/rx_buffer_config.tcl
0.929	1942428	157	ok	university_program/memory/altera_up_sd_card_avalon_interface/Altera_UP_SD_Card_Avalon_Interface_hw.tcl
0.928	253632	69	ok	emif/ip_top/ex_design_gui/ddr4.tcl
0.928	253632	58	ok	emif/ip_arch_nf/qdrx.tcl
0.928	253632	21	ok	ethernet/alt_em10g32/example_design/LL10G_1G_2_5G_10G/hwtesting/system_console/rcfg/mge_rcfg_reg_map.tcl
0.928	246196	51	ok	alt_xcvr/altera_xcvr_native_phy/dx_altera_xcvr_native_a10/design_example_rules/common_rules/rule_native_and_pll_con.tcl
0.928	246196	230	ok	alt_xcvr/alt_xcvr_tcl_packages/de_tcl/de_api.tcl
0.928	2010844	394	ok	avalon_st/altera_avalon_st_pipeline_stage/altera_avalon_st_pipeline_stage_hw.tcl
0.928	2010844	332	ok	altera_hdmi/src/common/altera_hdmi_hw.tcl
0.928	1942428	50	ok	ethernet/alt_em10g32/example_design/LL10G_10G_USXGMII/hwtesting/system_console/traffic_controller/gen/gen_reg_map.tcl
0.928	1942428	121	ok	altera_fault_injection/altera_fault_injection_hw_proc.tcl
0.927	253632	202	ok	ethernet/alt_em10g32/example_design/LL10G_1G_2_5G_1588v2/hwtesting/system_console/traffic_controller/mon/mon_inc.tcl
0.927	253632	162	ok	altera_pcie/altera_pcie_a10_ed/pio_ed/pio_ed_hw.tcl
0.927	1942428	61	ok	ethernet/alt_em10g32/example_design/LL10G_10GBASER_RegMode/hwtesting/system_console/reconfig.tcl
0.927	1942428	376	ok	altera_remote_update/altera_remote_update_hw.tcl
0.926	388580	33	ok	altera_pcie/altera_pcie_a10_ed/pio_ed/pio_ed_parameters.tcl
0.926	388580	287	ok	alt_xcvr/altera_xcvr_native_phy/av/tcl/interfaces.tcl
0.926	2010844	81	ok	altera_hps/altera_hps_arria_10/util/quartus_locations_query.tcl
0.926	1942428	73	ok	altera_phylite/hwtcl/altera_phylite_s10/altera_phylite_s10_hw.tcl
0.926	1942428	148	ok	altera_lvds/top/ex_design/make_qii_design.tcl
0.925	229028	180	ok	alt_pma/source/altera_xcvr_low_latency_phy/xcvr_low_latency_port_procs.tcl
0.925	1942428	463	ok	merlin/altera_merlin_multithread_traffic_limiter/threadid_mapping/altera_merlin_threadid_mapping_hw.tcl
0.925	1942428	198	ok	alt_xcvr/altera_xcvr_native_phy/dx_altera_xcvr_native_a10/design_example_rules/common_rules/rule_basic_prot_tester_pnc.tcl
0.924	388580	76	ok	alt_xcvr/altera_xcvr_pll/sv/tcl/fileset.tcl
0.924	388580	468	ok	alt_xcvr/alt_xcvr_tcl_packages/utils/rbc.tcl
0.924	253632	49	ok	ethernet/alt_eth_ultra/example_project/hwtest/main.tcl
0.924	253632	301	ok	ethernet/altera_eth_10g_design_example/design_example_components/altera_eth_packet_classifier/altera_eth_packet_classifier_hw.tcl
0.924	253632	108	ok	emif/ip_arch_nd/hps.tcl
0.924	253632	104	ok	sld/jtag/altera_sld_jtag_hub/altera_sld_jtag_hub_hw.tcl
0.924	1942428	67	ok	altera_modular_adc/top/altera_modular_adc_dual_sw.tcl
0.924	175168	719	ok	alt_mem_if/alt_mem_if_phys/alt_mem_if_ddr3_phy_core/constraints/m10/memphy_report_timing.tcl
0.924	175168	706	ok	alt_mem_if/alt_mem_if_example_designs/alt_mem_if_ddr3_tg_eds/alt_mem_if_ddr3_tg_eds_hw.tcl
0.924	162904	647	ok	alt_mem_if/alt_mem_if_phys/alt_mem_if_rldram3_phy_core/altera_mem_if_rldram3_phy_core_hw.tcl
0.923	253632	162	ok	emif/ip_ctrl/ip_qdr2/main.tcl
0.923	1942428	111	ok	ethernet/ethernet_ucore/altera_eth_adapters/altera_eth_channel_adapter/altera_eth_channel_adapter_hw.tcl
0.923	171004	675	ok	alt_mem_if/alt_mem_if_phys/alt_mem_if_ddr3_hard_phy_core/altera_mem_if_ddr3_hard_phy_core_hw.tcl
0.923	155472	694	ok	alt_mem_if/alt_mem_if_interfaces/alt_mem_if_qdrii_emif/alt_mem_if_qdrii_emif_hw.tcl
0.922	717340	533	ok	emif/arch_common/seq_param_tbl.tcl
0.922	717340	177	ok	university_program/input_output/altera_up_avalon_usb/altera_up_avalon_usb_hw.tcl
0.922	253632	50	ok	ethernet/alt_em10g32/example_design/LL10G_10GBASER/simulation/ed_sim/mentor/tb_run.tcl
0.922	1942428	779	ok	merlin/altera_generic_tristate_controller/altera_generic_tristate_controller_hw.tcl
0.922	153460	658	ok	alt_mem_if/alt_mem_if_example_designs/alt_mem_if_lpddr_tg_ed/alt_mem_if_lpddr_tg_ed_hw.tcl
0.921	717340	93	ok	soft_processor/intel_niosv_m/intel_niosv_m_hal_common.tcl
0.921	202864	845	ok	alt_mem_if/alt_mem_if_tcl_packages/gui/common_rldram_mem_model.tcl
0.921	2010844	623	ok	intel_lw_uart/intel_lw_uart_hw.tcl
0.921	2010844	554	ok	emif/ip_top/board/lpddr3.tcl
0.921	2010844	145	ok	vip/ip_library/component_ip/processing/alt_vip_motion_detect/alt_vip_motion_detect_hw.tcl
0.921	2010844	104	ok	vip/ip_library/component_ip/utility/alt_vip_pip_converter_core/alt_vip_pip_converter_core_hw.tcl
0.921	1942428	252	ok	ethernet/alt_em10g32/example_design/LL10G_LINESIDE_1588v2/hwtesting/system_console/test_functions.tcl
0.921	175168	958	ok	alt_mem_if/alt_mem_if_phys/alt_mem_if_ddr2_phy_core/constraints/memphy_report_timing.tcl
0.921	155472	672	ok	alt_mem_if/alt_mem_if_phys/alt_mem_if_lpddr_phy_core/altera_mem_if_lpddr_phy_core_hw.tcl
0.920	717340	91	ok	sopc_builder_ip/altera_avalon_spislave_to_avalonmm_bridge/SPISlaveToAvalonMasterBridge_hw.tcl
0.920	717340	86	ok	soft_processor/intel_niosv_c/intel_niosv_c_hal_common.tcl
0.920	717340	723	ok	altera_phylite/ip_top/ex_design/make_qsys.tcl
0.920	717340	650	ok	megafunctions/altmemmult/altmemmult_hw.tcl
0.920	717340	1123	ok	ethernet/alt_mge_phy/alt_mge_phy_pcs_hw.tcl
0.920	388580	466	ok	altera_pcie/altera_pcie_av_hip_avmm/altera_pcie_av_hip_avmm_hw.tcl
0.920	253632	655	ok	merlin/altera_merlin_multithread_traffic_limiter/threadid_splitter/altera_merlin_threadid_splitter_hw.tcl
0.920	229028	1600	ok	alt_xaui/lib/alt_xaui_common.tcl
0.920	2010844	801	ok	pgm/altera_asmi_parallel2/csr_controller/altera_asmi2_csr_controller_hw.tcl
0.920	2010844	523	ok	emif/ip_arch_nd/doc_gen.tcl
0.920	1942428	615	ok	dsp/altera_bch/bch_hw.tcl
0.920	1942428	302	ok	emif/arch_common/timing.tcl
0.920	155472	1022	ok	alt_mem_if/alt_mem_if_controllers/altera_mem_if_ddr2_hard_memory_controller/altera_mem_if_ddr2_hard_memory_controller_hw.tcl
0.920	152716	895	ok	alt_mem_if/alt_mem_if_controllers/altera_mem_if_lpddr_hard_memory_controller/altera_mem_if_lpddr_hard_memory_controller_hw.tcl
0.919	717340	519	ok	emif/ip_arch_nf/enum_defs_seq_param_tbl.tcl
0.919	717340	155	ok	vip/ip_library/component_ip/processing/alt_vip_tpg_sdi_alg_core/alt_vip_tpg_sdi_alg_core_hw.tcl
0.919	388580	778	ok	altera_pcie/altera_pcie_s10_hip_ast/altera_pcie_s10_hip_ast_parameters.tcl
0.919	2010844	589	ok	alt_xcvr/altera_xcvr_10gbase_kr/altera_xcvr_10gbase_kr/tcl/parameters.tcl
0.919	2010844	154	ok	vip/ip_library/component_ip/processing/alt_vip_clipper_alg_core/alt_vip_clipper_alg_core_hw.tcl
0.919	1942428	784	ok	merlin/altera_reset_sequencer/altera_reset_sequencer_hw.tcl
0.919	1942428	389	ok	university_program/lib/aup_ip_generator.tcl
0.919	171004	758	ok	alt_mem_if/alt_mem_if_phys/alt_mem_if_rldramii_phy_core/constraints/acv/memphy_report_timing.tcl
0.918	2010844	138	ok	sopc_builder_ip/altera_avalon_video_sync_generator/altera_avalon_video_sync_generator_hw.tcl
0.918	175168	1028	ok	alt_mem_if/alt_mem_if_controllers/altera_mem_if_lpddr2_hard_memory_controller/altera_mem_if_lpddr2_hard_memory_controller_hw.tcl
0.917	717340	874	ok	merlin/altera_merlin_multithread_traffic_limiter/multithread_limiter/altera_merlin_multithread_traffic_limiter_hw.tcl
0.917	253632	1028	ok	merlin/altera_merlin_axi_master_ni/altera_merlin_axi_master_ni_hw.tcl
0.917	1942428	795	ok	ethernet/alt_eth_ultra/hwtcl/parameters.tcl
0.917	1942428	291	ok	seriallite_iii/example/ed_sim/scripts/ed_hw.tcl
0.917	1942428	229	ok	megafunctions/rom_2port/csv_ui_loader.tcl
0.917	1942428	139	ok	vip/ip_library/component_ip/schedulers/alt_vip_gamma_corrector_scheduler/alt_vip_gamma_corrector_scheduler_hw.tcl
0.917	171984	744	ok	alt_mem_if/alt_mem_if_phys/alt_mem_if_qdrii_phy_core/constraints/acv/memphy_report_timing.tcl
0.917	171984	674	ok	alt_mem_if/alt_mem_if_interfaces/alt_mem_if_rldram3_emif/alt_mem_if_rldram3_emif_hw.tcl
0.914	253632	48	ok	hps/hard_peripheral_logical_view/scu/scu_hw.tcl
0.906	1942428	138	ok	emif/ip_top/phy/lpddr3.tcl
0.904	717340	196	ok	altera_pcie/altera_pcie_s10_tbed/verilog/pcie_mti_setup.tcl
0.904	253632	169	ok	ethernet/alt_em10g32/example_design/LL10G_1G_2_5G/hwtesting/system_console/traffic_controller/gen/gen_inc.tcl
0.904	2010844	158	ok	altera_lauterbach_trace_ip/altera_lauterbach_nios2_offchip_trace_buffer_hw.tcl
0.904	1942428	222	ok	ethernet/alt_e2550/example_project/hwtest/altera/alt_aeu_40/eth_ultra_phy_inc.tcl
0.902	253632	33	ok	vip/ip_library/full_ip/alt_vip_cl_swi/alt_vip_cl_swi_sw.tcl
0.902	2010844	219	ok	university_program/input_output/altera_up_avalon_accelerometer_spi/altera_up_avalon_accelerometer_spi_hw.tcl
0.901	388580	245	ok	altera_pcie/altera_pcie_avmm/altera_pcie_internal_pipe_interface_hw.tcl
0.900	388580	82	ok	alt_xcvr/altera_xcvr_native_phy/altera_xcvr_native_s10/design_example_rules/common_rules/rule_export_interfaces.tcl
0.900	1942428	51	ok	alt_xcvr/altera_xcvr_native_phy/dx_altera_xcvr_native_a10/design_example_rules/common_rules/rule_freq_check_pnc.tcl
0.899	253632	353	ok	iconnect/alt_hiconnect_scheduler/alt_hiconnect_scheduler_hw.tcl
0.899	2010844	137	ok	ethernet/alt_em10g32/example_design/LL10G_1G_2_5G_1588v2/hwtesting/system_console/main.tcl
0.899	1942428	376	ok	alt_xcvr/altera_xcvr_10gbase_kr/altera_xcvr_10gbase_kr/tcl/fileset.tcl
0.896	388580	48	ok	alt_xcvr/altera_xcvr_reset_control/tcl/module.tcl
0.896	388580	145	ok	altera_hdmi/hw_demo/av_sk_hdmi2/assignments.tcl
0.895	717340	58	ok	emif/ip_ecc/ip_core_nd/altera_emif_ecc_nd_hw.tcl
0.895	253632	57	ok	emif/ip_tg_afi/ip_ddr4/altera_emif_tg_afi_ddr4_hw.tcl
0.895	229028	228	ok	alt_mem_if/altera_mem_if_afi_muxes/altera_mem_if_ddr3_afi_mux/altera_mem_if_ddr3_afi_mux_hw.tcl
0.895	1942428	351	ok	altera_pcie/altera_pcie_a10_ed/altera_pcie_a10_ed_hw.tcl
0.894	253632	69	ok	ethernet/alt_em10g32/example_design/LL10G_LINESIDE_1588v2/hwtesting/system_console/channel_setting.tcl
0.894	1942428	73	ok	ethernet/alt_em10g32/example_design/LL10G_10GBASER_RegMode/hwtesting/system_console/common.tcl
0.894	1942428	27	ok	ethernet/alt_em10g32/example_design/LL10G_1G_2_5G_10G/hwtesting/system_console/test_parameter/parameter.tcl
0.893	246196	99	ok	alt_xcvr/altera_xcvr_native_phy/dx_altera_xcvr_native_a10/design_example_rules/rule_basic_enhanced_pcs/rule_basic_enhanced_pcs_tb.tcl
0.893	246196	93	ok	alt_xcvr/altera_xcvr_native_phy/altera_xcvr_native_s10/design_example_rules/rule_pcs_direct/rule_pcs_direct.tcl
0.893	246196	25	ok	alt_xcvr/altera_xcvr_pll/sv/tcl/altera_xcvr_pll_sv_hw.tcl
0.893	1942428	202	ok	altera_lvds/top/ex_design.tcl
0.892	388580	151	ok	altera_gmii_to_rgmii_adapter/altera_gmii_to_rgmii_adapter_wrapper_hw.tcl
0.892	388580	15	ok	altera_iopll_common/pkgIndex.tcl
0.892	253632	34	ok	emif/ip_mem_model/ip_core_rld2/util.tcl
0.892	253632	296	ok	altera_pcie/altera_pcie_avgz_hip_ast/altera_pcie_avgz_hip_ast_hw.tcl
0.892	2010844	347	ok	ltpi/design_example_tb/hwtest/main.tcl
0.892	1942428	183	ok	altera_hps/s10/altera_hps_stratix_10/clocks.tcl
0.890	388580	77	ok	alt_xcvr/altera_xcvr_native_phy/altera_xcvr_native_s10/design_example_rules/common_rules/parameter_rules/rule_fpll_par.tcl
0.889	717340	35	ok	ethernet/alt_em10g32/example_design/LL10G_10G_USXGMII/hwtesting/system_console/traffic_controller/mon/mon_reg_map.tcl
0.889	388580	64	ok	altera_lvds/top/altera_lvds_hw.tcl
0.889	253632	91	ok	emif/ip_top/diag/qdr4.tcl
0.888	253632	97	ok	university_program/input_output/altera_up_avalon_ps2/altera_up_avalon_ps2_sw.tcl
0.888	253632	23	ok	ethernet/alt_e2550/hwtcl/alt_e50_hw.tcl
0.887	388580	69	ok	altera_gpio/altera_gpio_top/ex_design/make_qsys.tcl
0.887	246196	67	ok	alt_xcvr/altera_xcvr_native_phy/altera_xcvr_native_s10/design_example_rules/common_rules/connection_rules/rule_basic_prot_tester_con.tcl
0.886	388580	31	ok	alt_xcvr/altera_xcvr_native_phy/altera_xcvr_native_vi/tcl/altera_xcvr_native_a10_hw.tcl
0.886	253632	66	ok	emif/ip_arch_nf/enum_defs_ioaux.tcl
0.886	253632	451	ok	emif/util/messaging.tcl
0.886	253632	293	ok	ethernet/alt_em10g32/MAC/alt_em10g32_ed_files_a10_lineside.tcl
0.886	253632	264	ok	ethernet/ethernet_ucore/altera_eth_packet_underflow_control/altera_eth_packet_underflow_control_hw.tcl
0.886	253632	248	ok	ethernet/alt_em10g32/example_design/LL10G_1G_2_5G/hwtesting/system_console/mac/10g_mac_reg_map.tcl
0.886	253632	23	ok	ethernet/alt_em10g32/example_design/LL10G_LINESIDE_1588v2/hwtesting/system_console/external_phy/marvell/marvell_phy_reg_map.tcl
0.886	1942428	532	ok	altera_gpio_lite/altera_gpio_lite_hw.tcl
0.885	388580	26	ok	alt_xcvr/altera_xcvr_native_phy/avgz/tcl/altera_xcvr_native_avgz_hw.tcl
0.885	253632	31	ok	ethernet/alt_em10g32/example_design/LL10G_1G_2_5G/hwtesting/system_console/test_functions.tcl
0.885	1942428	77	ok	alt_xcvr/altera_xcvr_native_phy/altera_xcvr_native_s10/design_example_rules/rule_basic_standard_pcs/rule_basic_standard_pcs_tb.tcl
0.884	388580	114	ok	alt_xcvr/altera_xcvr_10gbase_kr/stratix10/altera_xcvr_10gkr_s10/tcl/interfaces.tcl
0.884	253632	27	ok	ethernet/alt_eth_ultra/example_project/hwtest/altera/sval_top/reg_map_inc.tcl
0.884	253632	264	ok	ethernet/ethernet_ucore/altera_eth_10g_rx_register_map/altera_eth_10g_rx_register_map_hw.tcl
0.884	253632	23	ok	ethernet/alt_em10g32/example_design/LL10G_LINESIDE/hwtesting/system_console/external_phy/marvell/marvell_phy_reg_map.tcl
0.884	253632	228	ok	university_program/audio_video/video/altera_up_avalon_video_dma_ctrl_addr_trans/altera_up_avalon_video_dma_ctrl_addr_trans_hw.tcl
0.884	1942428	64	ok	alt_xcvr/alt_xcvr_tcl_packages/gui/messages.tcl
0.884	1942428	60	ok	ethernet/alt_e2550/example_project/hwtest/altera/optical_module/cfp_control_inc.tcl
0.884	1942428	58	ok	altera_lvds/altera_lvds_core20/altera_lvds_core20_hw.tcl
0.884	1942428	198	ok	ethernet/alt_e2550/hwtcl/rtl_tools.tcl
0.883	717340	323	ok	ethernet/ethernet_ucore/altera_eth_crc_pad_rem/altera_eth_crc_pad_rem_hw.tcl
0.883	717340	280	ok	emif/ip_top/mem/qdr4.tcl
0.883	717340	192	ok	emif/ip_top/ctrl/ddr4.tcl
0.883	717340	175	ok	emif/ip_mem_model/ip_core_qdr2/main.tcl
0.883	388580	248	ok	altera_avalon_i2c/altera_avalon_i2c_hw.tcl
0.883	253632	59	ok	altera_nios_custom_instr_floating_point_2/altera_nios_custom_instr_floating_point_2/fpoint2_qsys_sw.tcl
0.883	253632	419	ok	ethernet/ethernet_ucore/altera_eth_crc_allocation/altera_eth_crc_allocation_hw.tcl
0.882	717340	58	ok	emif/ip_tg_avl_2/enum_defs.tcl
0.882	717340	29	ok	ethernet/alt_em10g32/example_design/LL10G_10G_USXGMII/simulation/ed_sim/cadence/ncsim_wave.tcl
0.882	717340	15	ok	ethernet/alt_e2550/example_project/hwtest/common/main.tcl
0.882	246196	52	ok	alt_xcvr/altera_xcvr_native_phy/dx_altera_xcvr_native_a10/design_example_rules/common_rules/rule_cdr_pll_par.tcl
0.882	246196	47	ok	alt_xcvr/altera_xcvr_native_phy/altera_xcvr_native_s10/tcl/module.tcl
0.882	246196	18	ok	alt_xcvr/altera_xcvr_pll/altera_xcvr_cdr_pll_vi/pkgIndex.tcl
0.882	202864	195	ok	alt_mem_if/altera_mem_if_afi_muxes/altera_mem_if_qdrii_afi_mux/altera_mem_if_qdrii_afi_mux_hw.tcl
0.882	1942428	369	ok	altera_jesd204/src/lib/phy_adapter/altera_jesd204_phy_adapter_xs_rcfg_shared_off_hw.tcl
0.882	1942428	203	ok	altera_hdmi/hw_demo/av_sk/assignments.tcl
0.881	717340	259	ok	altera_phylite/ip_arch_nf/timing/memphy_report_timing.tcl
0.881	717340	165	ok	emif/ip_tg_afi/common/util.tcl
0.881	717340	141	ok	ethernet/alt_em10g32/example_design/LL10G_1G_10G_LINESIDE/hwtesting/system_console/phy/phy_ip_reg_map.tcl
0.881	388580	48	ok	alt_xcvr/altera_xcvr_native_phy/dx_altera_xcvr_native_a10/design_example_rules/common_rules/rule_rst_ctrl_par.tcl
0.881	388580	24	ok	altera_modular_adc/top/altera_modular_adc_common.tcl
0.881	388580	112	ok	altera_jesd204/ed/ed_nios/script/gen_nios_a10.tcl
0.881	253632	80	ok	altera_vectored_interrupt_controller/top/altera_vic_sw.tcl
0.881	253632	70	ok	hps/hard_peripheral_logical_view/usb/usb_hw.tcl
0.881	253632	541	ok	ethernet/ethernet_ucore/altera_eth_frame_decoder/altera_eth_frame_decoder_hw.tcl
0.881	253632	41	ok	vip/ip_library/full_ip/alt_vip_cl_scl/alt_vip_cl_scl_sw.tcl
0.881	246196	45	ok	altera_hps/s10/device_tree_generation/axi_ocram_hw.tcl
0.881	1942428	35	ok	ethernet/alt_em10g32/example_design/LL10G_1G_2_5G/hwtesting/system_console/traffic_controller/mon/mon_reg_map.tcl
0.880	388580	55	ok	alt_xcvr/altera_xcvr_native_phy/altera_xcvr_native_s10/design_example_rules/common_rules/parameter_rules/rule_bitrev_byterev_polinv_par.tcl
0.880	388580	39	ok	altera_dp/hw_demo/cv/runall.tcl
0.880	253632	57	ok	emif/ip_mem_model/ip_core_qdr2/altera_emif_mem_model_core_qdr2_hw.tcl
0.880	253632	48	ok	hps/hard_peripheral_logical_view/dw_apb_timer_osc/dw_apb_timer_osc_hw.tcl
0.880	253632	223	ok	emif/ip_top/mem/qdr2.tcl
0.880	1942428	517	ok	sopc_builder_ip/verification/altera_external_memory_bfm/altera_external_memory_bfm_hw.tcl
0.880	1942428	329	ok	altera_gpio/altera_gpio_core14/altera_gpio_sdc.tcl
0.880	1942428	123	ok	altera_oct/altera_oct_top/ex_design/make_qsys.tcl
0.880	175168	363	ok	alt_mem_if/alt_mem_if_tcl_packages/civ_emif/ip_top/main.tcl
0.879	253632	93	ok	university_program/input_output/altera_up_avalon_de1_soc_adc/altera_up_avalon_de1_soc_adc_sw.tcl
0.879	253632	18	ok	hps/hard_peripheral_logical_view/axi_ocram/axi_ocram_hw.tcl
0.879	246196	86	ok	altera_gpio/altera_gpio_core20/altera_gpio_core_hw.tcl
0.879	246196	200	ok	altera_hps/altera_hps_arria_10/util/pin_mux_db.tcl
0.879	2010844	262	ok	altera_jesd204/src/lib/sig_adapter/altera_jesd204_signal_adapter_hw.tcl
0.879	1942428	27	ok	alt_xcvr/altera_xcvr_cal/altera_xcvr_cal_a10/tcl/altera_xcvr_cal_a10_hw.tcl
0.879	1942428	22	ok	alt_xcvr/altera_xcvr_pll/altera_xcvr_fpll_vi/tcl/fileset.tcl
0.879	1942428	149	ok	altera_pcie_pipe/sv/sv_xcvr_pipe_native_hw.tcl
0.878	388580	91	ok	alt_xcvr/altera_xcvr_native_phy/dx_altera_xcvr_native_a10/design_example_rules/common_rules/native_phy_connection_expansion_callbacks.tcl
0.878	202864	101	ok	alt_mem_if/altera_mem_if_oct_bridge/altera_mem_if_oct_bridge_hw.tcl
0.877	388580	40	ok	altera_hdmi/hw_demo/arria_10/rtl/common/clock_control.tcl
0.877	388580	24	ok	altera_dp/sim_example/sv/reconfig_mgmt_sim.tcl
0.877	253632	410	ok	university_program/clocks/altera_up_altpll/altera_up_altpll_hw.tcl
0.877	253632	110	ok	emif/ip_top/mem.tcl
0.877	246196	123	ok	alt_xcvr/alt_xcvr_ip_lib/alt_xcvr_prbs_gen/alt_xcvr_prbs_gen_hw.tcl
0.877	1942428	75	ok	altera_jesd204/src/lib/altera_jesd204_fanout/altera_jesd204_fanout_hw.tcl
0.877	1942428	160	ok	ethernet/alt_e2550/hwtcl/tools.tcl
0.877	1942428	156	ok	altera_dual_boot/altera_dual_boot/altera_dual_boot_hw.tcl
0.876	717340	57	ok	ethernet/alt_e2550/example_project/hwtest/altera/pkt_client/pkt_client.tcl
0.876	717340	538	ok	iconnect/alt_hiconnect_router/alt_hiconnect_router_hw.tcl
0.876	246196	64	ok	alt_xcvr/altera_xcvr_pll/altera_xcvr_atx_pll_s10/tcl/interfaces.tcl
0.876	1942428	42	ok	alt_xcvr/altera_xcvr_native_phy/dx_altera_xcvr_native_a10/design_example_rules/main_tb_rule.tcl
0.876	1942428	129	ok	ethernet/alt_em10g32/example_design/LL10G_10G_USXGMII/hwtesting/system_console/phy/phy_ip_inc.tcl
0.875	717340	73	ok	ethernet/alt_em10g32/example_design/LL10G_10GBASER/hwtesting/system_console/common.tcl
0.875	717340	291	ok	ltpi/tcl/ed_hw.tcl
0.875	717340	124	ok	vip/ip_library/component_ip/processing/alt_vip_stream_cleaner_alg_core/alt_vip_stream_cleaner_alg_core_hw.tcl
0.875	717340	105	ok	emif/ip_tg_afi/ip_ddr4/main.tcl
0.875	388580	167	ok	altera_dp/hw_demo/cv/altera_avalon_i2c/oc_i2c_master_hw.tcl
0.875	388580	144	ok	altera_pcie/altera_pcie_a10_ed/devkit/altpcie_devkit_hw.tcl
0.875	253632	264	ok	ethernet/alt_em10g32/example_design/LL10G_LINESIDE/hwtesting/system_console/phy/phy_ip_inc.tcl
0.875	246196	58	ok	altera_hdmi/hw_demo/av_sk/build_ip.tcl
0.875	1942428	89	ok	alt_xcvr/alt_xcvr_ip_lib/alt_xcvr_21_bus_concat/alt_xcvr_21_bus_concat_hw.tcl
0.875	1942428	80	ok	alt_xcvr/altera_xcvr_reset_control/tcl/fileset.tcl
0.875	1942428	47	ok	altera_jesd204/ed/ed_sim/scripts/run_tb_top.tcl
0.875	1942428	466	ok	altera_msgdma/prefetcher/altera_msgdma_prefetcher_hw.tcl
0.875	171004	777	ok	alt_mem_if/alt_mem_if_phys/alt_mem_if_rldramii_phy_core/constraints/sv/memphy_report_timing.tcl
0.875	144796	618	ok	alt_interlaken/alt_ntrlkn_4l_3g/alt_ntrlkn_4l_3g_hw.tcl
0.874	717340	314	ok	altera_phylite/ip_arch_nf/ioaux_param_table.tcl
0.874	717340	25	ok	ethernet/alt_em10g32/example_design/LL10G_10GBASER_RegMode/hwtesting/system_console/show_stats.tcl
0.874	717340	148	ok	vip/ip_library/component_ip/utility/alt_vip_cpp_converter/alt_vip_cpp_converter_hw.tcl
0.874	388580	142	ok	altera_jesd204/ed/ed_synth/gen_quartus_synth.tcl
0.874	253632	203	ok	emif/ip_board_delay_model/main.tcl
0.874	246196	48	ok	alt_xcvr/altera_xcvr_pll/altera_xcvr_cdr_pll_vi/tcl/module.tcl
0.874	2010844	387	ok	emif/ip_tg_avl/main.tcl
0.874	144796	629	ok	alt_interlaken/alt_ntrlkn_10l_6g/alt_ntrlkn_10l_6g_hw.tcl
0.873	253632	57	ok	ethernet/altera_eth_tse_design_example/tse_ieee1588/testbench/tb_run.tcl
0.873	2010844	327	ok	emif/ip_arch_nf/ddrx.tcl
0.873	1942428	259	ok	altera_dp/hw_demo/sv/assignments.tcl
0.873	1942428	25	ok	alt_xcvr/altera_xcvr_native_phy/av/tcl/altera_xcvr_native_av_hw.tcl
0.872	717340	393	ok	ethernet/alt_em10g32/example_design/LL10G_LINESIDE/hwtesting/system_console/external_phy/marvell/sfpp_i2c.tcl
0.872	388580	69	ok	altera_hdmi/hw_demo/arria_10/rtl/i2c_slave/edid_ram.tcl
0.872	253632	357	ok	iconnect/alt_hiconnect_traffic_limiter/alt_hiconnect_traffic_limiter_hw.tcl
0.872	253632	22	ok	ethernet/alt_em10g32/example_design/LL10G_1G_2_5G_1588v2/hwtesting/system_console/phy/phy_ip_reg_map.tcl
0.872	2010844	541	ok	dsp/altera_fpdsp_block/S10/S10FPDSP_hw.tcl
0.872	2010844	270	ok	emif/ip_top/ex_design.tcl
0.872	1942428	676	ok	vip/ip_library/component_ip/processing/alt_vip_scaler_alg_core/alt_vip_scaler_alg_core_hw.tcl
0.872	1942428	469	ok	altera_modular_adc/control/altera_modular_adc_control_hw.tcl
0.872	1942428	46	ok	alt_xcvr/altera_xcvr_native_phy/altera_xcvr_native_s10/design_example_rules/main_tb_rule.tcl
0.872	1942428	283	ok	iconnect/alt_hiconnect_sc_fifo/alt_hiconnect_sc_fifo_hw.tcl
0.872	1942428	225	ok	ethernet/alt_em10g32/example_design/LL10G_LINESIDE_1588v2/hwtesting/system_console/traffic_controller/mon/mon_inc.tcl
0.872	175168	541	ok	alt_mem_if/alt_mem_if_phys/alt_mem_if_ddr3_phy_core/constraints/memphy_pin_assignments.tcl
0.872	155472	771	ok	alt_mem_if/alt_mem_if_phys/alt_mem_if_lpddr_phy_core/constraints/acv/memphy_report_timing.tcl
0.871	717340	698	ok	iconnect/alt_hiconnect_av_mstr_trans/alt_hiconnect_av_mstr_trans_hw.tcl
0.871	717340	682	ok	vip/ip_library/component_ip/processing/alt_vip_fir_alg_core/alt_vip_fir_alg_core_hw.tcl
0.871	717340	505	ok	sopc_builder_ip/altera_avalon_spi/altera_avalon_spi_hw.tcl
0.871	717340	480	ok	megafunctions/rom_1port/make_var_wrapper_tb.tcl
0.871	717340	134	ok	emif/ip_sim_checker/main.tcl
0.871	253632	69	ok	emif/ip_top/ex_design_gui/rld2.tcl
0.871	253632	103	ok	altera_phylite/ip_arch_nf/enum_defs_timing_params.tcl
0.871	1942428	563	ok	emif/ip_arch_nf/doc_gen.tcl
0.871	1942428	225	ok	ethernet/alt_em10g32/example_design/LL10G_LINESIDE/hwtesting/system_console/traffic_controller/mon/mon_inc.tcl
0.871	175168	782	ok	alt_mem_if/alt_mem_if_phys/alt_mem_if_ddr2_phy_core/constraints/acv/memphy_report_timing.tcl
0.870	717340	98	ok	sopc_builder_ip/altera_avalon_pixel_converter/altera_avalon_pixel_converter_hw.tcl
0.870	717340	474	ok	soft_processor/intel_niosv_m/intel_niosv_m_unit_hw.tcl
0.870	717340	133	ok	university_program/clocks/intel_up_avalon_audio_clks/intel_up_avalon_audio_clks_hw.tcl
0.870	202864	371	ok	alt_mem_if/altera_mem_if_pll/altera_mem_if_rldramii_pll/altera_mem_if_rldramii_pll_hw.tcl
0.870	2010844	362	ok	common/hw_tcl_packages/quartus_advanced_pll_legality.tcl
0.870	2010844	237	ok	altera_xcvr_generic/altera_xcvr_pll_calc.tcl
0.870	2010844	237	ok	altera_ufm/altera_ufm_parallel/altera_ufm_parallel_hw_proc.tcl
0.870	2010844	117	ok	vip/ip_library/component_ip/utility/alt_vip_vfb_rd_ctrl/alt_vip_vfb_rd_ctrl_hw.tcl
0.870	1942428	851	ok	iconnect/alt_hiconnect_av_slv_trans/alt_hiconnect_av_slv_trans_hw.tcl
0.870	1942428	47	ok	alt_xcvr/altera_xcvr_pll/avgz/tcl/module.tcl
0.870	1942428	162	ok	university_program/audio_video/video/altera_up_avalon_video_lt24_controller/altera_up_avalon_video_lt24_controller_hw.tcl
0.870	171984	486	ok	alt_mem_if/alt_mem_if_phys/alt_mem_if_rldramii_phy_core/constraints/acv/memphy_pin_assignments.tcl
0.870	171004	662	ok	alt_mem_if/alt_mem_if_phys/alt_mem_if_lpddr2_hard_phy_core/altera_mem_if_lpddr2_hard_phy_core_hw.tcl
0.870	155472	600	ok	alt_mem_if/alt_mem_if_phys/alt_mem_if_ddr3_phy_core/constraints/sv/memphy_pin_assignments.tcl
0.869	717340	89	ok	soft_processor/intel_niosv_common/hwtcl/hwtcl_unit_add_parameters.tcl
0.869	717340	537	ok	emif/ip_arch_nf/protocol_expert.tcl
0.869	717340	155	ok	vip/ip_library/component_ip/schedulers/alt_vip_dil_bob_scheduler/alt_vip_dil_bob_scheduler_hw.tcl
0.869	717340	113	ok	vip/ip_library/full_ip/alt_vip_cl_packet_dangler/alt_vip_cl_packet_dangler_hw.tcl
0.869	253632	784	ok	altera_pcie/altera_pcie_hip_ast_ed/altera_pcie_cfgbp_ed/altera_pcie_cfgbp_ed_hw.tcl
0.869	2010844	755	ok	ethernet/tse_ucores/altera_eth_tse_mac/altera_eth_tse_mac_hw.tcl
0.869	2010844	505	ok	avalon_st/altera_avalon_st_error_adapter/avalon-st_error_adapter_hw.tcl
0.869	2010844	467	ok	vip/ip_library/common_tcl/alt_vip_files_common.tcl
0.869	1942428	913	ok	merlin/altera_merlin_slave_translator/altera_merlin_slave_translator_hw.tcl
0.869	1942428	121	ok	vip/ip_library/component_ip/schedulers/alt_vip_csc_scheduler/alt_vip_csc_scheduler_hw.tcl
0.869	162904	778	ok	alt_mem_if/alt_mem_if_phys/alt_mem_if_rldram3_phy_core/constraints/sv/memphy_report_timing.tcl
0.868	717340	70	ok	vip/ip_library/component_ip/utility/alt_vip_line_stats/alt_vip_line_stats_hw.tcl
0.868	2010844	991	ok	merlin/altera_merlin_axi_slave_ni/altera_merlin_axi_slave_ni_hw.tcl
0.868	2010844	939	ok	ethernet/altera_eth_2_5g_pcs_pma_16b/altera_eth_2_5g_pcs_16b_hw.tcl
0.868	2010844	909	ok	sopc_builder_ip/verification/altera_avalon_mm_master_bfm/altera_avalon_mm_master_bfm_api_wrapper_hw.tcl
0.868	2010844	904	ok	sopc_builder_ip/verification/altera_avalon_mm_slave_bfm/altera_avalon_mm_slave_bfm_api_wrapper_hw.tcl
0.868	2010844	890	ok	iconnect/alt_hiconnect_axi_slv_agent/alt_hiconnect_axi_slv_agent_hw.tcl
0.868	2010844	628	ok	megafunctions/rom_1port/rom_1_port_hw.tcl
0.868	2010844	618	ok	megafunctions/rom_2port/rom_2_port_hw.tcl
0.868	2010844	460	ok	merlin/altera_merlin_mins_network_generator/altera_merlin_mins_network_generator_hw.tcl
0.868	2010844	134	ok	soft_processor/intel_niosv_common/hwtcl/hwtcl_add_parameters.tcl
0.868	2010844	1030	ok	hps/hard_peripheral_logical_view/hps_periphs/hps_periphs.tcl
0.868	144340	625	ok	alt_interlaken/alt_ntrlkn_20l_6g/alt_ntrlkn_20l_6g_hw.tcl
0.867	717340	471	ok	merlin/altera_tristate_conduit_pin_sharer_core/altera_tc_lib.tcl
0.867	717340	381	ok	sopc_builder_ip/common/embedded_ip_hwtcl_common.tcl
0.867	717340	146	ok	vip/ip_library/component_ip/processing/alt_vip_crs_h_down_core/alt_vip_crs_h_down_core_hw.tcl
0.867	246196	260	ok	altera_lvds/altera_lvds_driver/main.tcl
0.867	1942428	579	ok	ltpi/tcl/ltpi_fileset.tcl
0.867	1942428	551	ok	emif/ip_arch_nd/rtl_autogen.tcl
0.867	1942428	252	ok	ethernet/alt_em10g32/example_design/LL10G_LINESIDE/hwtesting/system_console/test_functions.tcl
0.867	180756	558	ok	alt_mem_if/alt_mem_if_tcl_packages/util/hwtcl_utils.tcl
0.867	175168	773	ok	alt_mem_if/alt_mem_if_phys/alt_mem_if_ddr3_phy_core/constraints/sv/memphy_report_timing.tcl
0.867	171984	631	ok	alt_mem_if/alt_mem_if_phys/alt_mem_if_qdrii_phy_core/constraints/memphy_pin_assignments.tcl
0.867	171984	558	ok	alt_mem_if/alt_mem_if_example_designs/alt_mem_if_rldramii_tg_ed/alt_mem_if_rldramii_tg_ed_hw.tcl
0.867	171004	602	ok	alt_mem_if/alt_mem_if_phys/alt_mem_if_lpddr_hard_phy_core/altera_mem_if_lpddr_hard_phy_core_hw.tcl
0.867	155472	741	ok	alt_mem_if/alt_mem_if_phys/alt_mem_if_lpddr2_phy_core/constraints/acv/memphy_report_timing.tcl
0.867	152144	347	ok	alt_mem_if/alt_mem_if_controllers/alt_mem_if_ddr2_controller/alt_mem_if_ddr2_controller_hw.tcl
0.866	1942428	113	ok	altera_sl3/src/lib/altera_sl3_fanout/altera_sl3_fanout_hw.tcl
0.860	253632	64	ok	ethernet/altera_eth_10g_design_example/altera_eth_10g_mac_base_r_1588/testbench/tb_run_simulation.tcl
0.854	253632	51	ok	ethernet/alt_em10g32/example_design/LL10G_1G_10G_LINESIDE_1588v2/hwtesting/system_console/test_parameter/parameter.tcl
0.853	253632	474	ok	ethernet/tse_ucores/altera_eth_tse_pcs_pma_gxb/altera_eth_tse_pcs_pma_gxb_hw.tcl
0.850	388580	18	ok	altera_gpio/altera_gpio_common/pkgIndex.tcl
0.850	1942428	244	ok	altera_pcie/altera_pcie_s10_ed/example_design/s10-pcie-devkit-prj.tcl
0.849	1942428	38	ok	altera_hdmi/hw_demo/av_sk/runall.tcl
0.848	1942428	75	ok	alt_xcvr/altera_xcvr_native_phy/sv/tcl/fileset.tcl
0.846	388580	38	ok	alt_xcvr/altera_xcvr_native_phy/dx_altera_xcvr_native_a10/design_example_rules/rule_basic_enhanced_pcs/rule_basic_enhanced_pcs.tcl
0.846	1942428	29	ok	ethernet/alt_em10g32/example_design/LL10G_1G_10G_LINESIDE/simulation/ed_sim/cadence/ncsim_wave.tcl
0.845	253632	33	ok	ethernet/alt_em10g32/example_design/LL10G_10G_USXGMII/hwtesting/system_console/traffic_controller/avalonstloopback/avalon_st_loopback_inc.tcl
0.844	388580	20	ok	altera_hmcc_mtaps/a10_example_design/sim/ncsim_wave_gen.tcl
0.844	253632	56	ok	university_program/memory/altera_up_sd_card_avalon_interface/Altera_UP_SD_Card_Avalon_Interface_sw.tcl
0.844	246196	49	ok	alt_xcvr/altera_xcvr_native_phy/altera_xcvr_native_s10/design_example_rules/common_rules/connection_rules/rule_native_and_pll_con.tcl
0.843	388580	33	ok	altera_iopll/tclpackages.tcl
0.843	253632	245	ok	altera_phylite/ip_top/ex_design/phylite_niosii_bridge/phylite_niosii_bridge_hw.tcl
0.843	1942428	138	ok	alt_xcvr/altera_xcvr_native_phy/dx_altera_xcvr_native_a10/design_example_rules/rule_basic_enhanced_pcs/rule_basic_enhanced_pcs_rx.tcl
0.842	388580	37	ok	altera_jesd204/ed/ip_sim/run_tb.tcl
0.842	253632	33	ok	ltpi/design_example_rules/gen_ed_sim.tcl
0.841	388580	31	ok	alt_xcvr/altera_xcvr_pll/altera_xcvr_cdr_pll_vi/tcl/altera_xcvr_cdr_pll_a10_hw.tcl
0.841	253632	241	ok	gx_debug/altera_avalon_data_pattern_generator/altera_avalon_data_pattern_generator_core_hw.tcl
0.840	388580	142	ok	alt_xcvr_reconfig/alt_xcvr_reconfig_soc/alt_xcvr_reconfig_cpu_ram_if_hw.tcl
0.840	253632	283	ok	ethernet/alt_em10g32/MAC/alt_em10g32_ed_files_a10_1G_2_5G_10G.tcl
0.839	253632	51	ok	ethernet/alt_em10g32/example_design/LL10G_LINESIDE_1588v2/hwtesting/system_console/test_parameter/parameter.tcl
0.839	253632	25	ok	ethernet/altera_eth_10g_design_example/csr_scripts/show_stats.tcl
0.838	388580	105	ok	altchip_id/source/altchip_id_hw_proc.tcl
0.838	253632	63	ok	altera_phylite/ip_driver/altera_phylite_driver_hw.tcl
0.838	253632	57	ok	emif/ip_tg_afi/ip_qdr4/altera_emif_tg_afi_qdr4_hw.tcl
0.838	253632	161	ok	altera_voltage_sensor/top/altera_voltage_sensor_hw.tcl
0.838	246196	45	ok	altera_hps/altera_hps_arria_10/device_tree_generation/axi_ocram_hw.tcl
0.837	717340	293	ok	ethernet/alt_em10g32/example_design/LL10G_1G_10G_LINESIDE/hwtesting/system_console/mac/10g_mac_reg_map.tcl
0.837	388580	17	ok	alt_xcvr/altera_xcvr_pll/altera_xcvr_fpll_vi/pkgIndex.tcl
0.837	253632	350	ok	altera_pcie/altera_pcie_av_hip_ast/altera_pcie_av_hip_ast_hw.tcl
0.837	246196	370	ok	alt_xcvr/altera_xcvr_native_phy/sv/tcl/interfaces.tcl
0.837	2010844	37	ok	altera_hdmi/hw_demo/arria_10/script/runall.tcl
0.837	2010844	151	ok	altera_gpio/altera_gpio_top/ex_design/make_sim_design.tcl
0.836	1942428	89	ok	ethernet/alt_e2550/hwtcl/module.tcl
0.836	1942428	336	ok	iconnect/alt_hiconnect_st_reg/alt_hiconnect_st_reg_hw.tcl
0.836	1942428	220	ok	altera_pcie/altera_pcie_s10_ed/ast2avmm_bridge_256/ast2avmm_bridge_256_hw.tcl
0.836	180756	206	ok	alt_mem_if/altera_mem_if_oct/altera_mem_if_oct_hw.tcl
0.835	1942428	124	ok	altera_parallel_flash_loader/altera_parallel_flash_loader_hw.tcl
0.834	388580	48	ok	alt_xcvr/altera_xcvr_pll/altera_xcvr_cdr_pll_s10/tcl/module.tcl
0.834	2010844	169	ok	altera_hps/s10/util/pin_mux_db.tcl
0.834	1942428	28	ok	ethernet/alt_e2550/example_project/hwtest/altera/sval_top/reg_map_inc.tcl
0.834	1942428	119	ok	altera_hps/altera_hps_arria_10/clkmgr/clkmgr_hw.tcl
0.833	388580	45	ok	alt_xcvr/altera_xcvr_pll/altera_xcvr_atx_pll_vi/tcl/module.tcl
0.833	253632	77	ok	ethernet/alt_em10g32/example_design/LL10G_10GBASER_RegMode/hwtesting/system_console/config.tcl
0.833	2010844	203	ok	altera_lvds/top/ex_design/qsys_interface_bridge/qsys_interface_bridge_hw.tcl
0.833	1942428	46	ok	altera_pcie/altera_pcie_a10_hip/altera_pcie_a10_hip_hw.tcl
0.833	1942428	213	ok	iconnect/alt_hiconnect_mux/alt_hiconnect_mux_hw.tcl
0.833	1942428	21	ok	ethernet/alt_em10g32/example_design/LL10G_1G_2_5G_1588v2/hwtesting/system_console/tod/tod_reg_map.tcl
0.832	717340	122	ok	ethernet/alt_e2550/hwtcl/sim_script_tools.tcl
0.832	253632	33	ok	ethernet/alt_em10g32/example_design/LL10G_1G_2_5G_1588v2/hwtesting/system_console/traffic_controller/avalonstloopback/avalon_st_loopback_inc.tcl
0.832	253632	229	ok	megafunctions/lpm_mult/csv_ui_loader.tcl
0.832	1942428	60	ok	altera_phylite/ip_arch_nf/arch_expert_exports.tcl
0.832	1942428	50	ok	alt_xcvr/altera_xcvr_native_phy/altera_xcvr_native_s10/design_example_rules/common_rules/connection_rules/rule_rst_ctrl_and_pll_con.tcl
0.832	1942428	47	ok	alt_xcvr/altera_xcvr_pll/sv/tcl/module.tcl
0.832	1942428	245	ok	altera_avalon_mailbox/altera_avalon_mailbox_simple_hw.tcl
0.831	388580	46	ok	alt_xcvr/altera_xcvr_native_phy/dx_altera_xcvr_native_a10/design_example_rules/common_rules/rule_parl_clk_dist_con.tcl
0.831	246196	92	ok	alt_xcvr/altera_xcvr_pll/altera_xcvr_atx_pll_vi/tcl/interfaces.tcl
0.831	246196	50	ok	altera_dp/hw_demo/av_sk_4k/build_ip.tcl
0.831	246196	43	ok	altera_lvds/top/export.tcl
0.831	246196	183	ok	altera_hdmi/hw_demo/arria_10/rtl/i2c_master/oc_i2c_master_hw.tcl
0.831	227272	163	ok	alt_xcvr/alt_xcvr_core/nf/tcl/nf_hssi_gen3_tx_pcs_rbc.tcl
0.831	2010844	245	ok	ethernet/alt_em10g32/MAC/alt_em10g32_ed_files_a10_10gbaser_regmode.tcl
0.831	2010844	121	ok	altera_hps/altera_hps_arria_10/hps/diagnostics.tcl
0.831	1942428	60	ok	alt_xcvr/altera_xcvr_native_phy/altera_xcvr_native_s10/design_example_rules/common_rules/parameter_rules/rule_cdr_pll_par.tcl
0.830	388580	47	ok	altera_hps/altera_hps_arria_10/hps_io/altera_hps_arria10_io_hw.tcl
0.830	253632	61	ok	ethernet/alt_em10g32/example_design/LL10G_1G_2_5G/simulation/ed_sim/mentor/tb_run.tcl
0.830	253632	45	ok	emif/ip_tg_afi/common/enum_defs.tcl
0.830	253632	41	ok	ethernet/alt_em10g32/example_design/LL10G_1G_2_5G_10G/hwtesting/system_console/basic/basic.tcl
0.830	253632	183	ok	emif/ip_top/ctrl/ddr3.tcl
0.830	246196	47	ok	alt_xcvr/altera_xcvr_native_phy/dx_altera_xcvr_native_a10/design_example_rules/rule_basic_enhanced_pcs/basic_enhanced_pcs_shared.tcl
0.830	246196	39	ok	altera_hdmi/hw_demo/arria_10/rtl/pll/pll_hdmi_reconfig.tcl
0.830	1942428	72	ok	alt_xcvr/alt_xcvr_tcl_packages/system_console/debug_tools/launch_altera_xcvr_debug_tools.tcl
0.830	1942428	227	ok	altera_dp/hw_demo/mst_av_sk_4k/assignments.tcl
0.829	717340	18	ok	ethernet/alt_em10g32/example_design/LL10G_10G_USXGMII/hwtesting/system_console/traffic_controller/avalonstloopback/avalon_st_loopback_reg_map.tcl
0.829	388580	24	ok	altera_dp/sim_example/av/reconfig_mgmt_sim.tcl
0.829	253632	34	ok	emif/ip_ecc/ip_core_nd/util.tcl
0.829	246196	75	ok	alt_xcvr/alt_xcvr_tcl_packages/system_console/alt_xcvr_reconfig_analog.tcl
0.829	1942428	50	ok	ethernet/alt_em10g32/example_design/LL10G_1G_2_5G_1588v2/hwtesting/system_console/traffic_controller/gen/gen_reg_map.tcl
0.829	1942428	319	ok	altera_hdmi/hw_demo/arria_10/rtl/pll/pll_hdmi.tcl
0.829	1942428	223	ok	mentor_vip_ae/axi4lite/bfm/mgc_axi4lite_inline_monitor_hw.tcl
0.828	388580	41	ok	alt_xcvr/altera_xcvr_native_phy/dx_altera_xcvr_native_a10/design_example_rules/common_rules/rule_data_gen_check_con.tcl
0.828	388580	250	ok	altera_avalon_mm_passthru/altera_avalon_passthru_hw.tcl
0.828	253632	124	ok	ethernet/tse_ucores/altera_eth_tse_bridge/altera_eth_tse_bridge_hw.tcl
0.828	246196	82	ok	altera_iopll/test/altera_iopll_test.tcl
0.828	246196	43	ok	altera_hdmi/sim_example/msim_hdmi.tcl
0.828	1942428	47	ok	alt_xcvr/altera_xcvr_pll/av/tcl/module.tcl
0.828	1942428	308	ok	altera_jesd204/src/rx/altera_jesd204_rx_hw.tcl
0.828	1942428	215	ok	emif/util/math.tcl
0.828	1942428	117	ok	altera_hps/s10/util/constants.tcl
0.827	717340	86	ok	emif/ip_mem_model/ip_top/main.tcl
0.827	717340	69	ok	emif/ip_top/ex_design_gui/rld3.tcl
0.827	586408	100	ok	alt_xcvr/alt_xcvr_core/nf/tcl/nf_hssi_refclk_divider_rbc.tcl
0.827	388580	52	ok	altera_pcie/altera_pcie_a10_hip/altera_pcie_a10_hip_module.tcl
0.827	253632	188	ok	emif/util/enums.tcl
0.827	246196	167	ok	altera_dp/hw_demo/altera_avalon_i2c/oc_i2c_master_hw.tcl
0.827	2010844	297	ok	alt_xcvr/alt_xcvr_ip_lib/alt_xcvr_pipe_phy_mac/alt_xcvr_pipe_phy_mac/alt_xcvr_pipe_phy_mac_hw.tcl
0.827	1942428	38	ok	ethernet/alt_em10g32/example_design/LL10G_1G_10G_LINESIDE/hwtesting/system_console/traffic_controller/avalonstloopback/avalon_st_loopback_inc.tcl
0.827	1942428	14	ok	ethernet/alt_em10g32/example_design/LL10G_1G_10G_LINESIDE/hwtesting/system_console/fifo/fifo_reg_map.tcl
0.827	1942428	122	ok	alt_xcvr/alt_xcvr_ip_lib/alt_xcvr_if_adapter/alt_xcvr_if_adapter_hw.tcl
0.826	388580	329	ok	altera_gpio/altera_gpio_core20/altera_gpio_sdc.tcl
0.826	388580	186	ok	altera_hps/altera_hps_arria_10/hps/clocks.tcl
0.826	246196	238	ok	alt_xcvr/altera_xcvr_native_phy/altera_xcvr_native_s10/tcl/design_example.tcl
0.826	1942428	96	ok	alt_xcvr/altera_xcvr_cal/altera_xcvr_cal_a10/tcl/parameters.tcl
0.826	180756	276	ok	alt_mem_if/ed_comps/altera_mem_if_single_clock_pll/altera_mem_if_single_clock_pll_hw.tcl
0.825	388580	36	ok	altera_hps/s10/util/nf4_soc.tcl
0.825	253632	202	ok	emif/ip_mem_model/ip_core_ddr3/main.tcl
0.825	253632	156	ok	emif/ip_top/ex_design/devkit_data.tcl
0.825	227272	341	ok	alt_xcvr/alt_xcvr_core/nf/tcl/nf_cmu_fpll_util.tcl
0.825	202864	203	ok	alt_mem_if/altera_mem_if_afi_muxes/altera_mem_if_lpddr2_afi_mux/altera_mem_if_lpddr2_afi_mux_hw.tcl
0.825	2010844	289	ok	altera_sl3/ed/ed_sim/scripts/ed_hw.tcl
0.825	1942428	27	ok	alt_xcvr/altera_xcvr_pll/altera_xcvr_fpll_s10/tcl/altera_xcvr_fpll_s10_hw.tcl
0.825	1942428	267	ok	altera_nios_custom_instr_floating_point_2/altera_nios_custom_instr_floating_point_2/fpoint2_qsys_hw.tcl
0.824	717340	58	ok	emif/ip_ecc/ip_core_nf/altera_emif_ecc_nf_hw.tcl
0.824	717340	34	ok	emif/ip_mem_model/ip_core_qdr4/util.tcl
0.824	388580	333	ok	altera_jesd204/src/lib/phy_adapter/altera_jesd204_phy_adapter_hw.tcl
0.824	253632	248	ok	ethernet/alt_em10g32/example_design/LL10G_10G_USXGMII/hwtesting/system_console/mac/10g_mac_reg_map.tcl
0.824	1942428	459	ok	altera_epcq_controller/altera_epcq_controller_hw.tcl
0.824	1942428	431	ok	emif/ip_ecc/ip_core_nd/main.tcl
0.824	1942428	14	ok	ethernet/alt_em10g32/example_design/LL10G_LINESIDE/hwtesting/system_console/fifo/fifo_reg_map.tcl
0.823	717340	654	ok	merlin/altera_merlin_apb_master_agent/altera_merlin_apb_master_agent_hw.tcl
0.823	717340	512	ok	megafunctions/ram_1port/make_var_wrapper_tb.tcl
0.823	717340	220	ok	emif/ip_arch_nd/enum_defs_hmc_cfgs.tcl
0.823	253632	250	ok	dsp/altera_fir_compiler_ii/src/gen_msim.tcl
0.823	246196	25	ok	alt_xcvr/altera_xcvr_native_phy/cv/tcl/altera_xcvr_native_cv_hw.tcl
0.823	229028	380	ok	alt_mem_if/altera_mem_if_pll/altera_mem_if_ddr3_pll/altera_mem_if_ddr3_pll_hw.tcl
0.823	229028	365	ok	alt_mem_if/altera_mem_if_pll/altera_mem_if_qdrii_pll/altera_mem_if_qdrii_pll_hw.tcl
0.823	2010844	586	ok	alt_xcvr/alt_xcvr_tcl_packages/ip_tcl/messages.tcl
0.823	2010844	123	ok	altera_hps/s10/gic/arm_gic_hw.tcl
0.823	1942428	58	ok	ethernet/alt_em10g32/example_design/LL10G_1G_2_5G/hwtesting/system_console/system_base_addr_map.tcl
0.823	1942428	485	ok	sopc_builder_ip/altera_avalon_uart/altera_avalon_uart_hw.tcl
0.823	1942428	232	ok	ethernet/alt_eth_ultra/example_project/hwtest/altera/alt_aeu_40/eth_ultra_phy_inc.tcl
0.823	1942428	14	ok	ethernet/alt_em10g32/example_design/LL10G_1G_10G_LINESIDE_1588v2/hwtesting/system_console/fifo/fifo_reg_map.tcl
0.823	180756	371	ok	alt_mem_if/altera_mem_if_pll/altera_mem_if_rldram3_pll/altera_mem_if_rldram3_pll_hw.tcl
0.822	253632	23	ok	ethernet/alt_em10g32/example_design/LL10G_1G_10G_LINESIDE_1588v2/hwtesting/system_console/external_phy/marvell/marvell_phy_reg_map.tcl
0.822	253632	216	ok	sopc_builder_ip/verification/altera_hps_master_bfm/altera_hps_master_bfm_hw.tcl
0.822	253632	154	ok	emif/ip_arch_nf/enum_defs.tcl
0.822	246196	68	ok	altera_avalon_mailbox/altera_avalon_mailbox_simple_sw.tcl
0.822	1942428	56	ok	ethernet/alt_em10g32/example_design/LL10G_1G_2_5G/hwtesting/system_console/channel_setting.tcl
0.822	1942428	335	ok	avalon_st/altera_avalon_st_splitter/altera_avalon_st_splitter_hw.tcl
0.822	1942428	158	ok	altera_phylite/ip_cfg_ctrl/main.tcl
0.822	145176	545	ok	alt_interlaken/alt_interlaken_pcs_siv/alt_interlaken_pcs_siv_hw.tcl
0.821	717340	291	ok	megafunctions/parallel_add/make_var_wrapper.tcl
0.821	253632	79	ok	sopc_builder_ip/altera_avalon_spi_phy_slave/spiphyslave_hw.tcl
0.821	246196	122	ok	altera_hps/altera_hps_arria_10/util/xml.tcl
0.821	229028	693	ok	alt_mem_if/altera_mem_if_qseq/seq_sim_bfm/seq_sim_bfm_hw.tcl
0.821	2010844	93	ok	soft_processor/intel_niosv_g/intel_niosv_g_hal_common.tcl
0.821	2010844	300	ok	hps/util/pin_mux.tcl
0.821	2010844	143	ok	dsp/altera_bch/bch_dec/polysys_generate.tcl
0.821	2010844	117	ok	vip/ip_library/component_ip/processing/alt_vip_dil_algorithm/alt_vip_dil_algorithm_hw.tcl
0.821	1942428	532	ok	native_mac/twentynm_mac_native_hw/twentynm_mac_native_hw_extra.tcl
0.821	1942428	431	ok	emif/ip_ecc/ip_core_nf/main.tcl
0.821	1942428	234	ok	altera_serial_flash_loader/altera_serial_flash_loader_hw_proc.tcl
0.821	180756	588	ok	alt_mem_if/alt_mem_if_tcl_packages/gui/avalon_mm_traffic_gen.tcl
0.821	155472	448	ok	alt_mem_if/alt_mem_if_phys/alt_mem_if_ddr3_phy_core/constraints/m10/memphy_pin_assignments.tcl
0.821	145176	613	ok	alt_interlaken/alt_ntrlkn_8l_3g/alt_ntrlkn_8l_3g_hw.tcl
0.821	144796	669	ok	alt_eth_40g_100g/alt_e40_e100/parameters.tcl
0.820	717340	838	ok	ethernet/altera_eth_2_5g_mac/altera_eth_2_5g_mac_hw.tcl
0.820	717340	670	ok	merlin/altera_address_span_extender/altera_address_span_extender_hw.tcl
0.820	717340	623	ok	sld/core/altera_debug_fabric/altera_debug_fabric_hw.tcl
0.820	717340	62	ok	vip/ip_library/component_ip/schedulers/alt_vip_fb_switch_scheduler/alt_vip_fb_switch_scheduler_hw.tcl
0.820	717340	508	ok	avalon_st/altera_avalon_st_timing_adapter/avalon-st_timing_adapter_hw.tcl
0.820	717340	478	ok	avalon_st/altera_avalon_st_multiplexer/avalon-st_multiplexer_hw.tcl
0.820	717340	250	ok	rs_ii/src/rs_ucores/dec/altera_rs_ser_syn/altera_rs_ser_syn_hw.tcl
0.820	388580	341	ok	alt_xcvr/alt_xcvr_core/nf/tcl/nf_mcgb_util.tcl
0.820	388580	17	ok	alt_xcvr/altera_xcvr_reset_control/pkgIndex.tcl
0.820	253632	546	ok	sld/trace/monitors/altera_trace_stats_gatherer/altera_trace_stats_gatherer_hw.tcl
0.820	253632	386	ok	sopc_builder_ip/altera_avalon_mega_common/ipcc_wrap_split.tcl
0.820	229028	219	ok	alt_mem_if/alt_mem_if_tcl_packages/util/seq_mem_size.tcl
0.820	2010844	724	ok	altera_onchip_flash/altera_onchip_flash/altera_onchip_flash_hw.tcl
0.820	2010844	290	ok	emif/ip_arch_nd/timing/memphy_report_timing.tcl
0.820	2010844	267	ok	emif/ip_top/mem/rld2.tcl
0.820	2010844	199	ok	altera_asmi_parallel/altera_asmi_parallel_hw_proc.tcl
0.820	1942428	693	ok	merlin/altera_tristate_controller_aggregator/altera_tristate_controller_aggregator_hw.tcl
0.820	1942428	56	ok	altera_lvds/altera_lvds_driver/altera_lvds_driver_hw.tcl
0.820	1942428	387	ok	altera_ufm/altera_ufm_spi/altera_ufm_spi_hw.tcl
0.820	1942428	30	ok	alt_xcvr/altera_xcvr_10gbase_kr/stratix10/altera_xcvr_10gkr_s10/tcl/altera_xcvr_10gkr_s10_hw.tcl
0.820	1942428	115	ok	vip/ip_library/component_ip/processing/alt_vip_dil_low_angle_algorithm/alt_vip_dil_low_angle_algorithm_hw.tcl
0.820	1942428	114	ok	dsp/altera_vit_ii/src/tcl_libs/avalon_streaming_util.tcl
0.820	175168	664	ok	alt_mem_if/alt_mem_if_phys/alt_mem_if_lpddr2_phy_core/constraints/m10/memphy_report_timing.tcl
0.820	175168	445	ok	alt_mem_if/alt_mem_if_phys/alt_mem_if_fake_ddr3_phy/alt_mem_if_fake_ddr3_phy_hw.tcl
0.820	171004	610	ok	alt_mem_if/alt_mem_if_phys/alt_mem_if_rldramii_phy_core/constraints/memphy_pin_assignments.tcl
0.820	171004	520	ok	alt_mem_if/alt_mem_if_phys/alt_mem_if_qdrii_phy_core/constraints/acv/memphy_pin_assignments.tcl
0.820	155472	757	ok	alt_mem_if/alt_mem_if_phys/alt_mem_if_ddr2_phy_core/constraints/sv/memphy_report_timing.tcl
0.820	155472	698	ok	alt_mem_if/alt_mem_if_phys/alt_mem_if_lpddr2_phy_core/constraints/sv/memphy_report_timing.tcl
0.820	152144	642	ok	alt_interlaken/alt_ntrlkn_12l_10g/alt_ntrlkn_12l_10g_hw.tcl
0.820	144796	367	ok	alt_interlaken_hp/testbench/example_design_50g_a10_board_level/sysconsole_testbench.tcl
0.819	717340	645	ok	mentor_vip_ae/axi4/bfm/mgc_axi4_master_hw.tcl
0.819	717340	482	ok	dsp/altera_fp_acc_custom/source/altera_fp_acc_custom_hw.tcl
0.819	717340	469	ok	sopc_builder_ip/verification/altera_avalon_st_monitor_bfm/altera_avalon_st_monitor_hw.tcl
0.819	717340	258	ok	sdi_ii/sdi_ii/sdi_ii_compose_arria_10.tcl
0.819	717340	197	ok	ethernet/alt_em10g32/example_design/LL10G_LINESIDE_1588v2/hwtesting/system_console/traffic_controller/gen/gen_inc.tcl
0.819	253632	749	ok	sld/trace/core/altera_trace_fabric/altera_trace_fabric_hw.tcl
0.819	253632	71	ok	emif/ip_top/ex_design/make_qsys_hps.tcl
0.819	253632	535	ok	merlin/altera_merlin_ahb_slave_agent/altera_merlin_ahb_slave_agent_hw.tcl
0.819	253632	213	ok	iconnect/alt_hiconnect_mux2/alt_hiconnect_mux_hw.tcl
0.819	229028	606	ok	alt_mem_if/alt_mem_if_tcl_packages/gui/afi.tcl
0.819	2010844	590	ok	iconnect/alt_hiconnect_width_adapter/alt_hiconnect_width_adapter_hw.tcl
0.819	2010844	292	ok	ethernet/alt_em10g32/MAC/alt_em10g32_ed_files_a10_1g_10g_lineside.tcl
0.819	1942428	836	ok	ethernet/alt_mge_phy/alt_mge_phy_xcvr_term_hw.tcl
0.819	1942428	252	ok	merlin/altera_merlin_demultiplexer/altera_merlin_demultiplexer_hw.tcl
0.819	1942428	152	ok	vip/ip_library/component_ip/utility/alt_vip_bps_converter/alt_vip_bps_converter_hw.tcl
0.819	180756	341	ok	alt_xcvr/alt_xcvr_core/nf/tcl/nf_atx_pll_util.tcl
0.819	180756	328	ok	alt_mem_if/altera_mem_if_qseq/rw_mgr_110/rw_manager_lpddr_hw.tcl
0.819	171004	243	ok	alt_mem_if/alt_mem_if_pp_gasket/alt_mem_if_pp_gasket_hw.tcl
0.819	155472	723	ok	alt_mem_if/alt_mem_if_phys/alt_mem_if_ddr2_phy_core/constraints/m10/memphy_report_timing.tcl
0.818	717340	317	ok	emif/ip_arch_nd/ddrx.tcl
0.818	229028	323	ok	alt_mem_if/alt_mem_if_tcl_packages/util/messaging.tcl
0.818	2010844	465	ok	ethernet/tse_ucores/altera_eth_tse_pcs/altera_eth_tse_pcs_hw.tcl
0.818	2010844	246	ok	pgm/altera_parallel_flash_loader_2/altera_pfl2_data_format_adapter/AtlanticCommonValidation.tcl
0.818	2010844	206	ok	emif/ip_top/ex_design_gui.tcl
0.818	1942428	559	ok	altera_sl3/src/top/altera_sl3_hw.tcl
0.818	1942428	398	ok	emif/ip_top/diag.tcl
0.818	1942428	279	ok	ethernet/altera_eth_10g_design_example/csr_scripts/csr_pkg.tcl
0.818	175168	694	ok	alt_mem_if/alt_mem_if_phys/alt_mem_if_lpddr_phy_core/constraints/sv/memphy_report_timing.tcl
0.818	171984	634	ok	alt_mem_if/alt_mem_if_interfaces/alt_mem_if_hps_emif/altera_mem_if_hps_emif_hw.tcl
0.817	717340	766	ok	merlin/altera_merlin_master_translator/altera_merlin_master_translator_hw.tcl
0.817	717340	674	ok	megafunctions/fifo/fifo_hw.tcl
0.817	717340	469	ok	ethernet/alt_eth_ultra/example_project/hwtest/altera/optical_module/qsfp_control_inc.tcl
0.817	717340	197	ok	ethernet/alt_em10g32/example_design/LL10G_1G_10G_LINESIDE_1588v2/hwtesting/system_console/traffic_controller/gen/gen_inc.tcl
0.817	253632	1540	ok	altera_pcie/altera_pcie_s10_hip_ast/nd/tcl/ct1_hssi_parameters.tcl
0.817	202864	286	ok	alt_xcvr/alt_xcvr_core/nf/tcl/nf_hssi_pma_lc_refclk_select_mux_rbc.tcl
0.817	2010844	783	ok	generic_qspi_controller/generic_qspi_controller_hw.tcl
0.817	2010844	559	ok	alt_xcvr/alt_xcvr_tcl_packages/utils/fileset.tcl
0.817	2010844	386	ok	avalon_st/altera_avalon_st_channel_adapter/avalon-st_channel_adapter_hw.tcl
0.817	2010844	368	ok	megafunctions/fifo/make_var_wrapper.tcl
0.817	2010844	103	ok	ethernet/ethernet_ucore/altera_eth_xgmii_pipeline/altera_eth_xgmii_pipeline_hw.tcl
0.817	1942428	587	ok	megafunctions/altmult_complex/altmult_complex_hw.tcl
0.817	175168	535	ok	alt_mem_if/alt_mem_if_phys/alt_mem_if_ddr3_phy_core/constraints/acv/memphy_pin_assignments.tcl
0.817	145176	614	ok	alt_interlaken/alt_ntrlkn_12l_6g/alt_ntrlkn_12l_6g_hw.tcl
0.816	717340	404	ok	avalon_st/altera_avalon_st_demultiplexer/avalon-st_demultiplexer_hw.tcl
0.816	717340	131	ok	vip/ip_library/component_ip/processing/alt_vip_chroma_key_alg_core/alt_vip_chroma_key_alg_core_hw.tcl
0.816	2010844	274	ok	emif/ip_arch_nf/timing/memphy_report_io_timing.tcl
0.816	1942428	290	ok	emif/ip_arch_nf/timing/memphy_report_timing.tcl
0.816	180756	474	ok	alt_mem_if/altera_avalon_mm_efficiency_monitor/altera_uniphy_efficiency_and_protocol_core/altera_core_em_pc_core_hw.tcl
0.816	171004	477	ok	alt_mem_if/alt_mem_if_phys/alt_mem_if_qdrii_phy_core/constraints/sv/memphy_pin_assignments.tcl
0.801	2010844	57	ok	vip/ip_library/common_tcl/alt_vip_software_common.tcl
0.799	717340	58	ok	emif/ip_ctrl/ip_qdr4/altera_emif_ctrl_qdr4_hw.tcl
0.793	388580	29	ok	alt_xcvr/altera_xcvr_pll/cv/tcl/altera_xcvr_pll_cv_hw.tcl
0.793	253632	680	ok	altera_msgdma/read_master/read_master_hw.tcl
0.792	428088	48	ok	alt_xcvr/alt_xcvr_core/nf/tcl/nf_hssi_fifo_rx_pcs_simple.tcl
0.792	1942428	57	ok	iconnect/shared/iconnect_shared.tcl
0.790	162904	47	ok	alt_mem_if/alt_mem_if_tcl_packages/civ_emif/ip_top/ex_design_gui.tcl
0.789	388580	294	ok	altera_int_osc/altera_int_osc_hw.tcl
0.789	1942428	38	ok	altera_hdmi/hw_demo/sv_hdmi2/runall.tcl
0.788	253632	72	ok	emif/ip_arch_nd/timing.tcl
0.788	1942428	282	ok	altera_phylite/ip_sim_ctrl/main.tcl
0.786	717340	41	ok	ethernet/alt_em10g32/example_design/LL10G_1G_10G_LINESIDE/hwtesting/system_console/basic/basic.tcl
0.786	717340	27	ok	ethernet/alt_em10g32/example_design/LL10G_10GBASER_RegMode/hwtesting/system_console/loopback_conf.tcl
0.786	253632	27	ok	ethernet/alt_em10g32/example_design/LL10G_10GBASER/hwtesting/system_console/monitor_conf.tcl
0.786	253632	18	ok	ethernet/alt_em10g32/example_design/LL10G_LINESIDE/hwtesting/system_console/traffic_controller/avalonstloopback/avalon_st_loopback_reg_map.tcl
0.786	1942428	30	ok	alt_xcvr/altera_xcvr_native_phy/altera_xcvr_native_s10/tcl/altera_xcvr_native_s10_hw.tcl
0.785	253632	34	ok	emif/ip_ecc/ip_core_nf/util.tcl
0.785	246196	78	ok	alt_xcvr/altera_xcvr_native_phy/av/tcl/fileset.tcl
0.785	202864	146	ok	alt_mem_if/altera_mem_if_dll_bridge/altera_mem_if_dll_bridge_hw.tcl
0.785	2010844	126	ok	altera_hps/altera_hps_arria_10/gic/arm_gic_hw.tcl
0.785	1942428	45	ok	emif/ip_top/exports.tcl
0.784	253632	23	ok	ethernet/alt_em10g32/example_design/LL10G_1G_10G_LINESIDE/hwtesting/system_console/external_phy/marvell/marvell_phy_reg_map.tcl
0.783	253632	91	ok	megafunctions/altecc/clearbox.tcl
0.783	1942428	27	ok	ethernet/alt_em10g32/example_design/LL10G_10GBASER/hwtesting/system_console/loopback_conf.tcl
0.783	1942428	14	ok	ethernet/alt_em10g32/example_design/LL10G_LINESIDE_1588v2/hwtesting/system_console/fifo/fifo_reg_map.tcl
0.782	717340	23	ok	ethernet/alt_e2550/hwtcl/pkgIndex.tcl
0.782	388580	44	ok	altera_hps/s10/util/quartus_pin_mux_db_part_query.tcl
0.782	253632	98	ok	altera_oct/altera_oct_driver/altera_oct_driver_hw.tcl
0.782	253632	53	ok	altera_parallel_flash_loader/altera_parallel_flash_loader_hw_proc.tcl
0.782	253632	37	ok	ethernet/altera_eth_10g_design_example/altera_eth_10g_mac_base_r/setup_proj.tcl
0.782	253632	34	ok	emif/ip_mem_model/ip_core_ddr4/util.tcl
0.782	246196	20	ok	altera_hmcc/a10_example_design/sim/ncsim_wave_gen.tcl
0.782	246196	128	ok	altchip_id/source/altchip_id_hw.tcl
0.782	1942428	18	ok	ethernet/alt_em10g32/example_design/LL10G_1G_2_5G/hwtesting/system_console/traffic_controller/avalonstloopback/avalon_st_loopback_reg_map.tcl
0.781	388580	49	ok	alt_xcvr/altera_xcvr_native_phy/altera_xcvr_native_s10/design_example_rules/common_rules/connection_rules/rule_bitrev_byterev_polinv_con.tcl
0.781	253632	56	ok	emif/ip_tg_avl_2/altera_emif_tg_avl_2_hw.tcl
0.781	253632	47	ok	altera_sl3/ed/ed_sim/scripts/run_tb_top.tcl
0.781	253632	23	ok	ethernet/alt_eth_ultra/hwtcl/pkgIndex.tcl
0.781	246196	48	ok	alt_xcvr/altera_xcvr_reset_control_s10/tcl/module.tcl
0.781	246196	19	ok	alt_xcvr/altera_xcvr_pll/altera_xcvr_cdr_pll_s10/pkgIndex.tcl
0.781	2010844	137	ok	emif/ip_arch_nf/enum_defs_hmc_cfgs.tcl
0.781	1942428	58	ok	altera_lvds/altera_lvds_core14/altera_lvds_core14_hw.tcl
0.781	1942428	344	ok	emif/util/device_family.tcl
0.781	1942428	116	ok	altera_hps/s10/clkmgr/clkmgr_hw.tcl
0.780	388580	76	ok	alt_xcvr/altera_xcvr_pll/av/tcl/fileset.tcl
0.780	388580	27	ok	alt_xcvr/altera_xcvr_pll/altera_xcvr_cdr_pll_s10/tcl/altera_xcvr_cdr_pll_s10_hw.tcl
0.780	341924	192	ok	alt_mem_if/ed_comps/altera_mem_if_checker/altera_mem_if_checker_hw.tcl
0.780	246196	17	ok	alt_xcvr/altera_xcvr_reset_control_s10/pkgIndex.tcl
0.780	2010844	53	ok	altera_hdmi/hw_demo/arria_10/rtl/common/output_buf_i2c.tcl
0.780	1942428	69	ok	emif/ip_top/ex_design_gui/qdr4.tcl
0.780	1942428	175	ok	altera_pcie/altera_pcie_avmm/altera_pcie_internal_reset_controller_hw.tcl
0.780	1942428	150	ok	ethernet/alt_em10g32/example_design/LL10G_10GBASER_RegMode/simulation/ed_sim/mentor/tb_run_org.tcl
0.779	388580	76	ok	alt_xcvr/altera_xcvr_native_phy/altera_xcvr_native_s10/design_example_rules/common_rules/connection_rules/rule_parl_clk_dist_con.tcl
0.779	253632	49	ok	emif/ip_mem_model/ip_top/altera_emif_mem_model_hw.tcl
0.779	246196	139	ok	alt_xcvr/altera_xcvr_10gbase_kr/arria10/altera_xcvr_10gkr_a10/tcl/interfaces.tcl
0.779	2010844	523	ok	mentor_vip_ae/axi4/bfm/mgc_axi4_slave_hw.tcl
0.779	1942428	391	ok	emif/ip_soft_nios/main.tcl
0.778	717340	273	ok	ethernet/ethernet_ucore/altera_eth_address_inserter/altera_eth_address_inserter_hw.tcl
0.778	717340	236	ok	sld/core/endpoint_wrappers/altera_config_stream_endpoint_hw.tcl
0.778	341924	208	ok	alt_mem_if/altera_mem_if_afi_muxes/altera_mem_if_lpddr2_afi_splitter/altera_mem_if_lpddr2_afi_splitter_hw.tcl
0.778	246196	17	ok	alt_xcvr/altera_xcvr_pll/cv/pkgIndex.tcl
0.778	246196	168	ok	alt_xcvr/altera_xcvr_native_phy/altera_xcvr_native_s10/design_example_rules/common_rules/parameter_rules/rule_basic_prot_tester_par.tcl
0.778	1942428	82	ok	altera_oct/altera_oct_core20/altera_oct_hw.tcl
0.778	1942428	50	ok	ethernet/alt_em10g32/example_design/LL10G_1G_2_5G_10G/hwtesting/system_console/traffic_controller/gen/gen_reg_map.tcl
0.777	246196	47	ok	altera_hps/s10/hps_io/altera_stratix10_hps_io_hw.tcl
0.777	246196	15	ok	alt_xcvr/altera_xcvr_native_phy/avgz/pkgIndex.tcl
0.777	202864	119	ok	alt_pma/source/altera_xcvr_low_latency_phy/xcvr_low_latency_files.tcl
0.777	155472	381	ok	alt_mem_if/alt_mem_if_example_designs/alt_mem_if_hps_tg_eds/alt_mem_if_hps_tg_eds_hw.tcl
0.776	717340	48	ok	ethernet/alt_em10g32/example_design/LL10G_1G_10G_LINESIDE/hwtesting/system_console/tod/tod_inc.tcl
0.776	717340	255	ok	altera_phylite/ip_top/main.tcl
0.776	388580	102	ok	alt_xcvr/altera_xcvr_pll/altera_xcvr_fpll_s10/tcl/interfaces.tcl
0.776	253632	97	ok	emif/ip_ctrl/ip_rld3/main.tcl
0.776	253632	66	ok	altera_phylite/ip_addr_cmd/altera_phylite_addr_cmd_hw.tcl
0.776	253632	61	ok	altera_onchip_flash/altera_onchip_flash/altera_onchip_flash_sw.tcl
0.776	253632	140	ok	emif/ip_top/ctrl/qdr4.tcl
0.776	246196	34	ok	alt_xcvr/altera_xcvr_native_phy/altera_xcvr_native_s10/design_example_rules/common_rules/connection_rules/rule_rst_dist_con.tcl
0.776	1942428	56	ok	altera_hdmi/hw_demo/arria_10/rtl/hdr/avalon_st_multiplexer.tcl
0.776	1942428	102	ok	emif/ip_tg_afi/ip_ddr3/main.tcl
0.775	717340	57	ok	emif/ip_ctrl/ip_rld2/altera_emif_ctrl_rld2_hw.tcl
0.775	717340	16	ok	ethernet/alt_e2550/example_project/hwtest/altera/alt_aeu_40/main.tcl
0.775	388580	37	ok	altera_hdmi/hw_demo/av_sk_hdmi2/runall.tcl
0.775	341924	144	ok	alt_mem_if/altera_mem_if_qseq/seq_sim_apb_bfm/seq_sim_apb_bfm_hw.tcl
0.775	253632	35	ok	ethernet/alt_em10g32/example_design/LL10G_1G_10G_LINESIDE_1588v2/hwtesting/system_console/traffic_controller/mon/mon_reg_map.tcl
0.775	253632	18	ok	ethernet/alt_em10g32/example_design/LL10G_1G_10G_LINESIDE_1588v2/hwtesting/system_console/traffic_controller/avalonstloopback/avalon_st_loopback_reg_map.tcl
0.775	253632	148	ok	altera_sl3/ed/ed_synth/src/demo_control/master_export_hw.tcl
0.775	246196	50	ok	altera_dp/sim_example/sv/msim_dp.tcl
0.775	2010844	105	ok	alt_xcvr/alt_xcvr_ip_lib/alt_xcvr_bit_slip/alt_xcvr_bit_slip_hw.tcl
0.775	1942428	42	ok	ethernet/alt_e2550/example_project/hwtest/50g/basic.tcl
0.775	155472	393	ok	alt_mem_if/alt_mem_if_example_designs/alt_mem_if_ddr2_tg_eds/alt_mem_if_ddr2_tg_eds_hw.tcl
0.775	136612	233	ok	alt_eth_40g_100g/40gbe/rtl_src/adapter/rx/alt_e40_adapter_rx_hw.tcl
0.774	717340	562	ok	sdi_ii/sdi_ii_library/sdi_ii_phy_adapter/sdi_ii_phy_adapter_hw.tcl
0.774	253632	403	ok	pgm/altera_asmi_parallel2/qspi_interface/altera_asmi2_qspi_interface_hw.tcl
0.774	253632	152	ok	ethernet/ethernet_ucore/altera_eth_xgmii_termination/altera_eth_xgmii_termination_hw.tcl
0.774	253632	105	ok	emif/ip_top/diag/ddr3.tcl
0.774	246196	50	ok	altera_jesd204/ed/ip_sim/gen_sim.tcl
0.774	2010844	480	ok	alt_xcvr/altera_xcvr_pll/mcgb_package_vi/tcl/mcgb.tcl
0.774	2010844	292	ok	altera_sl3/src/phy/soft_ip/altera_sl3_phy_soft_hw.tcl
0.774	2010844	167	ok	altera_hdmi/hw_demo/sv_hdmi2/altera_avalon_i2c/oc_i2c_master_hw.tcl
0.774	1942428	52	ok	alt_xcvr/altera_xcvr_pll/altera_xcvr_cdr_pll_s10/tcl/interface_data.tcl
0.774	1942428	258	ok	alt_xcvr/altera_xcvr_pll/altera_xcvr_atx_pll_vi/tcl/fileset.tcl
0.774	1942428	229	ok	megafunctions/ram_4port/csv_ui_loader.tcl
0.774	175168	259	ok	alt_mem_if/alt_mem_if_interfaces/alt_mem_if_hps_emif/common_hps_emif.tcl
0.774	144796	345	ok	alt_mem_if/alt_mem_if_controllers/alt_mem_if_nextgen_ddr2_controller_core/alt_mem_if_nextgen_ddr2_controller_core_hw.tcl
0.773	717340	241	ok	altera_phylite/ip_arch_nd/timing.tcl
0.773	341924	200	ok	alt_mem_if/altera_mem_if_afi_muxes/altera_mem_if_rldram3_afi_mux/altera_mem_if_rldram3_afi_mux_hw.tcl
0.773	202864	278	ok	alt_mem_if/altera_mem_if_qseq/altera_mem_if_rldramii_qseq/altera_mem_if_rldramii_qseq_hw.tcl
0.773	1942428	56	ok	ethernet/alt_em10g32/example_design/LL10G_1G_2_5G_1588v2/hwtesting/system_console/channel_setting.tcl
0.773	1942428	406	ok	sld/trace/monitors/altera_trace_video_monitor/altera_trace_video_monitor_hw.tcl
0.773	152144	608	ok	alt_interlaken/alt_ntrlkn_4l_6g/alt_ntrlkn_4l_6g_hw.tcl
0.772	717340	367	ok	iconnect/alt_hiconnect_skid_buffer/alt_hiconnect_skid_buffer_hw.tcl
0.772	717340	144	ok	megafunctions/lpm_decode/make_var_wrapper.tcl
0.772	388580	220	ok	altera_pcie/altera_pcie_a10_ed/ast2avmm_bridge_256/ast2avmm_bridge_256_hw.tcl
0.772	246196	17	ok	alt_xcvr/altera_xcvr_native_phy/altera_xcvr_native_vi/pkgIndex.tcl
0.772	2010844	187	ok	altera_pcie/altera_pcie_s10_tbed/altera_pcie_s10_tbed_hw.tcl
0.772	2010844	173	ok	emif/ip_ctrl/ip_rld3/ctrl_expert_exports.tcl
0.772	2010844	166	ok	emif/ip_top/phy/rld2.tcl
0.772	2010844	16	ok	altera_jesd204/ed/ip_sim/wave.tcl
0.772	1942428	434	ok	sopc_builder_ip/verification/altera_avalon_st_sink_bfm/altera_avalon_st_sink_bfm_hw.tcl
0.772	153460	318	ok	alt_mem_if/alt_mem_if_mem_models/alt_mem_if_lpddr2_mem_model/alt_mem_if_lpddr2_mem_model_hw.tcl
0.771	717340	39	ok	vip/ip_library/full_ip/alt_vip_cl_csc/alt_vip_cl_csc_sw.tcl
0.771	717340	239	ok	sopc_builder_ip/verification/altera_tristate_conduit_bfm/altera_tristate_conduit_bfm_hw.tcl
0.771	253632	49	ok	emif/ip_cal_slave/ip_core_nf/altera_emif_cal_slave_nf_hw.tcl
0.771	246196	47	ok	alt_xcvr/altera_xcvr_native_phy/altera_xcvr_native_vi/tcl/module.tcl
0.771	229028	329	ok	alt_mem_if/altera_mem_if_qseq/altera_mem_if_ddr2_qseq/altera_mem_if_ddr2_qseq_hw.tcl
0.771	202864	374	ok	alt_mem_if/altera_mem_if_qseq/altera_mem_if_hhp_qseq/altera_mem_if_hhp_common.tcl
0.771	2010844	144	ok	altera_gpio/altera_gpio_driver/altera_gpio_driver_hw.tcl
0.771	2010844	137	ok	altera_pcie/altera_pcie_s10_hip_avmm_bridge/altera_pcie_s10_dma_controller/altera_pcie_s10_dma_controller_hw.tcl
0.771	1942428	652	ok	dsp/altera_fir_compiler_ii/src/gen_matlab.tcl
0.771	1942428	530	ok	sopc_builder_ip/altera_avalon_multi_channel_shared_fifo/altera_avalon_multi_channel_shared_fifo_hw.tcl
0.771	1942428	517	ok	altera_ufm/altera_ufm_i2c/altera_ufm_i2c_hw.tcl
0.771	1942428	41	ok	ethernet/alt_em10g32/example_design/LL10G_LINESIDE_1588v2/hwtesting/system_console/basic/basic.tcl
0.771	180756	335	ok	alt_mem_if/altera_mem_if_qseq/altera_mem_if_ddr3_qseq/altera_mem_if_ddr3_qseq_hw.tcl
0.771	180756	174	ok	alt_mem_if/altera_mem_if_qseq/scc_mgr_100/sequencer_scc_mgr_hw.tcl
0.771	175168	321	ok	alt_mem_if/alt_mem_if_mem_models/alt_mem_if_ddr3_mem_model/alt_mem_if_ddr3_mem_model_hw.tcl
0.771	171984	466	ok	alt_mem_if/alt_mem_if_multirank_gasket/alt_mem_if_ddr2_multirank_gasket/alt_mem_if_ddr2_multirank_gasket_hw.tcl
0.770	717340	165	ok	altera_pcie_pipe/xcvr_generic/altera_xcvr_pipe_hw.tcl
0.770	341924	384	ok	alt_mem_if/altera_mem_if_qseq/rw_mgr_110/rw_manager_ddr3_hw.tcl
0.770	341924	381	ok	alt_mem_if/altera_mem_if_pll/altera_mem_if_ddr2_pll/altera_mem_if_ddr2_pll_hw.tcl
0.770	253632	92	ok	ltpi/design_example_tb/hwtest/issp.tcl
0.770	253632	594	ok	pgm/intel_generic_serial_flash_interface/intel_generic_serial_flash_interface_csr/intel_generic_serial_flash_interface_csr_hw.tcl
0.770	253632	378	ok	sopc_builder_ip/altera_avalon_sc_fifo/altera_avalon_sc_fifo_hw.tcl
0.770	253632	107	ok	sld/core/altera_connection_identification_hub/altera_connection_identification_hub_hw.tcl
0.770	246196	132	ok	altera_crcerror_verify/crcerror_verify_pin_assignments.tcl
0.770	202864	316	ok	alt_mem_if/altera_mem_if_qseq/rw_mgr_110/rw_manager_qdrii_hw.tcl
0.770	2010844	462	ok	vip/ip_library/component_ip/processing/alt_vip_vert_scaler_alg_core/alt_vip_vert_scaler_alg_core_hw.tcl
0.770	2010844	183	ok	emif/ip_mem_model/ip_core_lpddr3/main.tcl
0.770	2010844	132	ok	emif/ip_top/ex_design/make_qii_design.tcl
0.770	2010844	120	ok	alt_xcvr/alt_xcvr_ip_lib/alt_xcvr_byte_order/byte_order_hw.tcl
0.770	1942428	360	ok	emif/ip_top/board/qdr2.tcl
0.770	1942428	278	ok	merlin/altera_axi_default_slave/altera_axi_default_slave_hw.tcl
0.770	1942428	257	ok	merlin/altera_merlin_apb_translator/altera_merlin_apb_translator_hw.tcl
0.770	1942428	25	ok	ethernet/alt_em10g32/example_design/LL10G_10GBASER/hwtesting/system_console/show_stats.tcl
0.770	1942428	189	ok	hps/util/quartus_pin_mux_db_part_query.tcl
0.770	1942428	169	ok	merlin/altera_avalon_mm_cci_bridge/altera_avalon_mm_cci_bridge_hw.tcl
0.770	180756	277	ok	alt_mem_if/altera_mem_if_qseq/altera_mem_if_rldram3_qseq/altera_mem_if_rldram3_qseq_hw.tcl
0.770	180756	242	ok	alt_mem_if/ed_comps/board_delay_models/altera_ddr3_board_delay_model/altera_ddr3_board_delay_model_hw.tcl
0.770	180756	177	ok	alt_mem_if/altera_mem_if_qseq/seq_timer_120/sequencer_timer_hw.tcl
0.770	180756	158	ok	alt_mem_if/altera_mem_if_qseq/reg_file_111/sequencer_reg_file_hw.tcl
0.770	171004	202	ok	alt_mem_if/alt_mem_if_tcl_packages/civ_emif/ip_top/ex_design.tcl
0.770	144796	346	ok	alt_mem_if/alt_mem_if_controllers/alt_mem_if_rldramii_controller/alt_mem_if_rldramii_controller_hw.tcl
0.769	717340	560	ok	merlin/altera_merlin_router/altera_merlin_router_hw.tcl
0.769	717340	533	ok	pgm/altera_asmi_parallel2/xip_controller/altera_asmi2_xip_controller_hw.tcl
0.769	717340	478	ok	vip/ip_library/component_ip/processing/alt_vip_csc_alg_core/alt_vip_csc_alg_core_hw.tcl
0.769	717340	446	ok	altera_remote_update/altera_avalon_remote_update_controller_hw.tcl
0.769	717340	424	ok	sopc_builder_ip/verification/altera_avalon_st_source_bfm/altera_avalon_st_source_bfm_hw.tcl
0.769	717340	366	ok	sopc_builder_ip/altera_avalon_dc_fifo/altera_avalon_dc_fifo_hw.tcl
0.769	717340	350	ok	megafunctions/altshift_taps/altshift_taps_hw.tcl
0.769	717340	350	ok	ethernet/alt_eth_ultra/hwtcl/qsf_settings.tcl
0.769	717340	197	ok	ethernet/alt_em10g32/example_design/LL10G_LINESIDE/hwtesting/system_console/traffic_controller/gen/gen_inc.tcl
0.769	341924	371	ok	alt_mem_if/altera_mem_if_pll/altera_mem_if_lpddr_pll/altera_mem_if_lpddr_pll_hw.tcl
0.769	341924	208	ok	alt_mem_if/bridges/seq_mux_bridges/altera_mem_if_ddr2_seq_mux_bridge/altera_mem_if_ddr2_seq_mux_bridge_hw.tcl
0.769	341924	147	ok	alt_mem_if/alt_mem_if_tcl_packages/util/qini.tcl
0.769	253632	58	ok	merlin/shared/merlin_shared.tcl
0.769	253632	331	ok	native_mac/twentynm_mac_native_hw/csv_ui_loader.tcl
0.769	253632	277	ok	pgm/altera_emr_unloader/altera_emr_unloader2/altera_emr_unloader_hw.tcl
0.769	202864	341	ok	alt_xcvr/alt_xcvr_core/nf/tcl/nf_hssi_common_util.tcl
0.769	202864	330	ok	alt_mem_if/altera_mem_if_qseq/rw_mgr_110/rw_manager_ddr2_hw.tcl
0.769	202864	183	ok	alt_xcvr/alt_xcvr_core/nf/tcl/nf_hssi_krfec_tx_pcs_simple.tcl
0.769	2010844	536	ok	ethernet/tse_ucores/altera_eth_tse_pcs_pma_lvds/altera_eth_tse_pcs_pma_lvds_hw.tcl
0.769	2010844	413	ok	espi_to_lpc_bridge/espi_to_lpc_bridge_hw.tcl
0.769	2010844	266	ok	megafunctions/altshift_taps/make_var_wrapper.tcl
0.769	2010844	147	ok	emif/ip_top/util.tcl
0.769	1942428	69	ok	emif/ip_top/ex_design_gui/ddr3.tcl
0.769	1942428	653	ok	ethernet/ethernet_ucore/altera_eth_timestamp_req_ctrl/altera_eth_timestamp_req_ctrl_hw.tcl
0.769	1942428	650	ok	sopc_builder_ip/altera_avalon_pio/altera_avalon_pio_hw.tcl
0.769	1942428	617	ok	sld/trace/core/altera_trace_controller/altera_trace_controller_hw.tcl
0.769	1942428	560	ok	sopc_builder_ip/altera_avalon_jtag_uart/altera_avalon_jtag_uart_hw.tcl
0.769	1942428	170	ok	ethernet/ethernet_ucore/altera_eth_gmii2avst_converter/altera_eth_gmii2avst_converter_hw.tcl
0.769	180756	427	ok	alt_mem_if/alt_mem_if_tcl_packages/gui/ddrii_sram_mem_model.tcl
0.769	180756	232	ok	alt_mem_if/altera_mem_if_qseq/phy_mgr_100/sequencer_phy_mgr_hw.tcl
0.769	175168	508	ok	alt_mem_if/alt_mem_if_multirank_gasket/alt_mem_if_ddr3_multirank_gasket/alt_mem_if_ddr3_multirank_gasket_hw.tcl
0.769	175168	469	ok	alt_mem_if/alt_mem_if_phys/alt_mem_if_rldram3_phy_core/constraints/sv/memphy_pin_assignments.tcl
0.769	175168	412	ok	alt_mem_if/alt_mem_if_phys/alt_mem_if_lpddr2_phy_core/constraints/acv/memphy_pin_assignments.tcl
0.769	175168	392	ok	alt_mem_if/alt_mem_if_phys/alt_mem_if_ddr2_phy_core/constraints/sv/memphy_pin_assignments.tcl
0.769	171984	446	ok	alt_mem_if/alt_mem_if_phys/alt_mem_if_fake_ddr2_phy/alt_mem_if_fake_ddr2_phy_hw.tcl
0.769	171984	352	ok	alt_mem_if/alt_mem_if_controllers/alt_mem_if_qdrii_controller/alt_mem_if_qdrii_controller_hw.tcl
0.769	155472	434	ok	alt_mem_if/alt_mem_if_phys/alt_mem_if_ddr2_phy_core/constraints/acv/memphy_pin_assignments.tcl
0.769	155472	368	ok	alt_mem_if/alt_mem_if_phys/alt_mem_if_lpddr2_phy_core/constraints/m10/memphy_pin_assignments.tcl
0.768	717340	93	ok	university_program/communication/altera_up_avalon_rs232/altera_up_avalon_rs232_sw.tcl
0.768	717340	57	ok	ethernet/ethernet_ucore/altera_eth_adapters/altera_eth_pause_req_termination/altera_eth_pause_req_termination_hw.tcl
0.768	717340	438	ok	megafunctions/lpm_mult/lpm_mult_extra.tcl
0.768	388580	164	ok	alt_xcvr/alt_xcvr_core/nf/tcl/nf_pma_cdr_refclk_simple.tcl
0.768	246196	167	ok	altera_hdmi/hw_demo/av_sk_hdmi2/altera_avalon_i2c/oc_i2c_master_hw.tcl
0.768	2010844	94	ok	ethernet/alt_em10g32/example_design/LL10G_1G_2_5G/hwtesting/system_console/main.tcl
0.768	2010844	642	ok	merlin/altera_merlin_width_adapter/altera_merlin_width_adapter_hw.tcl
0.768	2010844	536	ok	merlin/altera_merlin_combined_width_adapter/altera_merlin_combined_width_adapter_hw.tcl
0.768	2010844	331	ok	ethernet/alt_e2550/hwtcl/interfaces.tcl
0.768	2010844	320	ok	megafunctions/lpm_mult/lpm_mult_hw.tcl
0.768	2010844	236	ok	rs_ii/src/rs_ucores/dec/altera_rs_ser_bm/altera_rs_ser_bm_hw.tcl
0.768	2010844	202	ok	ethernet/alt_em10g32/example_design/LL10G_1G_2_5G/hwtesting/system_console/traffic_controller/mon/mon_inc.tcl
0.768	2010844	161	ok	emif/ip_mem_model/ip_core_rld3/main.tcl
0.768	180756	216	ok	alt_mem_if/altera_mem_if_pll/altera_mem_if_hps_pll/altera_mem_if_hps_pll_hw.tcl
0.768	175168	392	ok	alt_mem_if/alt_mem_if_example_designs/alt_mem_if_lpddr2_tg_eds/alt_mem_if_lpddr2_tg_eds_hw.tcl
0.767	717340	29	ok	ethernet/alt_em10g32/example_design/LL10G_1G_10G_LINESIDE_1588v2/simulation/ed_sim/cadence/ncsim_wave.tcl
0.767	717340	155	ok	ethernet/alt_em10g32/example_design/LL10G_1G_10G_LINESIDE_1588v2/hwtesting/system_console/traffic_controller/traffic_controller.tcl
0.767	253632	555	ok	altera_pcie/altera_pcie_hip_256_avmm/fifo_mode/altera_pcie_dma_fifo_mode_hw.tcl
0.767	253632	162	ok	emif/ip_ctrl/ip_rld2/main.tcl
0.767	246196	39	ok	alt_xcvr/altera_xcvr_native_phy/dx_altera_xcvr_native_a10/pkgIndex.tcl
0.767	2010844	97	ok	soft_processor/intel_niosv_common/hwtcl/hwtcl_unit_elaborate.tcl
0.767	2010844	93	ok	altera_xcvr_generic/sv/sv_xcvr_native_fileset.tcl
0.767	2010844	82	ok	ethernet/alt_em10g32/example_design/LL10G_10G_USXGMII/hwtesting/system_console/main.tcl
0.767	2010844	642	ok	merlin/altera_merlin_apb_slave_agent/altera_merlin_apb_slave_agent_hw.tcl
0.767	2010844	614	ok	altera_remote_update/altera_remote_update_core_hw.tcl
0.767	2010844	555	ok	iconnect/alt_hiconnect_router2/alt_hiconnect_router_hw.tcl
0.767	2010844	554	ok	ethernet/tse_ucores/altera_eth_tse_pcs_pma_nf_phyip/altera_eth_tse_pcs_pma_nf_phyip_hw.tcl
0.767	2010844	550	ok	merlin/altera_merlin_multithread_traffic_limiter/sc_fifo_limiter/altera_merlin_sc_fifo_limiter_hw.tcl
0.767	2010844	367	ok	altera_uflex_interlaken/testbench/example_design_uflex_s10_board_level/sysconsole_testbench.tcl
0.767	2010844	265	ok	megafunctions/lpm_counter/lpm_counter_extra.tcl
0.767	2010844	248	ok	ethernet/alt_em10g32/example_design/LL10G_1G_2_5G_10G/hwtesting/system_console/mac/10g_mac_reg_map.tcl
0.767	2010844	176	ok	mem/ddrx/source/generate.tcl
0.767	2010844	169	ok	ethernet/alt_em10g32/example_design/LL10G_10G_USXGMII/hwtesting/system_console/traffic_controller/gen/gen_inc.tcl
0.767	2010844	166	ok	emif/ip_ctrl/ip_rld2/ctrl_expert_exports.tcl
0.767	2010844	146	ok	emif/ip_ctrl/ip_qdr4/ctrl_expert_exports.tcl
0.767	2010844	112	ok	alt_xcvr_reconfig/alt_xcvr_reconfig_basic/alt_xrbasic_common.tcl
0.767	1942428	59	ok	sld/jtag/altera_jtag_wys_atom/altera_jtag_wys_atom_hw.tcl
0.767	1942428	450	ok	audio_ip/audio_extract/audio_extract_hw.tcl
0.767	1942428	379	ok	megafunctions/lpm_clshift/lpm_clshift_hw.tcl
0.767	171984	483	ok	alt_mem_if/alt_mem_if_example_designs/alt_mem_if_qdrii_tg_ed/alt_mem_if_qdrii_tg_ed_hw.tcl
0.767	144796	248	ok	alt_mem_if/alt_mem_if_controllers/alt_mem_if_nextgen_ddr_controller_110/deployment/next_gen_generate.tcl
0.766	717340	648	ok	pgm/generic_qspi_controller2/generic_qspi_controller2_hw.tcl
0.766	717340	58	ok	altera_remote_update/altera_remote_update_sw.tcl
0.766	717340	566	ok	audio_ip/audio_embed/audio_embed_hw.tcl
0.766	717340	393	ok	ethernet/alt_em10g32/example_design/LL10G_LINESIDE_1588v2/hwtesting/system_console/external_phy/marvell/sfpp_i2c.tcl
0.766	717340	274	ok	ethernet/alt_eth_ultra/hwtcl/interfaces.tcl
0.766	253632	92	ok	sdi_ii/altera_fanout/altera_fanout_hw.tcl
0.766	246196	49	ok	alt_xcvr/altera_xcvr_native_phy/altera_xcvr_native_s10/design_example_rules/common_rules/parameter_rules/rule_reset_sync_par.tcl
0.766	202864	314	ok	alt_mem_if/altera_mem_if_qseq/altera_mem_if_lpddr2_qseq/altera_mem_if_lpddr2_qseq_hw.tcl
0.766	1942428	68	ok	ethernet/altera_eth_tse/src/software/lib/altera_eth_tse_hal_sw.tcl
0.766	1942428	374	ok	altera_sl3/src/phy/top/altera_sl3_phy_top_hw.tcl
0.766	1942428	326	ok	ethernet/ethernet_ucore/altera_eth_crc/altera_eth_crc_hw.tcl
0.766	180756	436	ok	alt_mem_if/altera_avalon_mm_traffic_generator/simple_1mm_traffic_gen_core/simple_1mm_traffic_gen_core_hw.tcl
0.766	180756	171	ok	alt_mem_if/alt_mem_if_tcl_packages/util/pll_cmd_utils.tcl
0.766	175168	531	ok	alt_mem_if/alt_mem_if_phys/alt_mem_if_civ_ddr2_phy/constraints/memphy_report_timing.tcl
0.766	144796	367	ok	alt_interlaken_hp/testbench/example_design_100g_a10_board_level/sysconsole_testbench.tcl
0.766	144440	672	ok	alt_eth_40g_100g/alt_e40_e100/interfaces.tcl
0.766	144340	611	ok	alt_interlaken/alt_ntrlkn_8l_6g/alt_ntrlkn_8l_6g_hw.tcl
0.762	2010844	169	ok	ethernet/alt_em10g32/example_design/LL10G_1G_2_5G_1588v2/hwtesting/system_console/traffic_controller/gen/gen_inc.tcl
0.744	717340	34	ok	emif/ip_mem_model/ip_core_ddr3/util.tcl
0.744	253632	65	ok	sopc_builder_ip/altera_avalon_pio/altera_avalon_pio_sw.tcl
0.740	253632	66	ok	altera_phylite/ip_avl_ctrl/altera_phylite_avl_ctrl_hw.tcl
0.738	246196	167	ok	altera_dp/hw_demo/mst_sv/altera_avalon_i2c/oc_i2c_master_hw.tcl
0.738	1942428	16	ok	ethernet/alt_e2550/example_project/hwtest/main.tcl
0.737	717340	56	ok	emif/ip_mem_model/ip_core_rld3/altera_emif_mem_model_core_rld3_hw.tcl
0.736	1942428	23	ok	ethernet/alt_e2550/hwtcl/alt_e25_hw.tcl
0.734	717340	57	ok	emif/ip_ctrl/ip_rld3/altera_emif_ctrl_rld3_hw.tcl
0.734	253632	62	ok	sopc_builder_ip/altera_avalon_cfi_flash/altera_avalon_cfi_flash_sw.tcl
0.733	717340	69	ok	emif/ip_top/ex_design_gui/lpddr3.tcl
0.733	388580	27	ok	alt_xcvr/altera_xcvr_reset_control_s10/tcl/altera_xcvr_reset_control_s10_hw.tcl
0.733	388580	159	ok	altera_lvds/top/ex_design/make_sim_design.tcl
0.733	253632	69	ok	ethernet/alt_em10g32/example_design/LL10G_1G_10G_LINESIDE_1588v2/hwtesting/system_console/channel_setting.tcl
0.733	253632	62	ok	ethernet/alt_em10g32/example_design/LL10G_1G_10G_LINESIDE/simulation/ed_sim/mentor/tb_run.tcl
0.732	388580	50	ok	altera_dp/hw_demo/mst_av_sk_4k/build_ip.tcl
0.732	253632	45	ok	altera_sl3/ed/common/gen_qsys_atx_pll.tcl
0.731	388580	227	ok	altera_jesd204/ed/ed_sim/scripts/gen_ed_sim_a10.tcl
0.731	388580	17	ok	alt_xcvr/altera_xcvr_10gbase_kr/stratix10/altera_xcvr_10gkr_s10/pkgIndex.tcl
0.731	2010844	20	ok	altera_hmcc_mtaps/s10_example_design/sim/ncsim_wave_gen.tcl
0.730	388580	246	ok	altera_pcie/altera_pcie_avmm/altera_pcie_bfm_hw.tcl
0.730	253632	51	ok	ethernet/alt_em10g32/example_design/LL10G_LINESIDE/hwtesting/system_console/test_parameter/parameter.tcl
0.730	253632	374	ok	university_program/clocks/altera_up_avalon_video_pll/altera_up_avalon_video_pll_hw.tcl
0.730	253632	248	ok	ethernet/alt_em10g32/example_design/LL10G_1G_2_5G_1588v2/hwtesting/system_console/mac/10g_mac_reg_map.tcl
0.730	253632	179	ok	ethernet/tse_ucores/altera_eth_tse_nf_phyip_terminator/altera_eth_tse_nf_phyip_terminator_hw.tcl
0.730	246196	20	ok	alt_xcvr/altera_xcvr_pll/altera_xcvr_atx_pll_s10/pkgIndex.tcl
0.730	2010844	146	ok	altera_serial_flash_loader/altera_serial_flash_loader_hw.tcl
0.729	246196	78	ok	alt_xcvr/altera_xcvr_cal/altera_xcvr_cal_a10/tcl/fileset.tcl
0.729	1942428	88	ok	alt_xcvr/altera_xcvr_pll/altera_xcvr_cdr_pll_vi/tcl/interfaces.tcl
0.728	717340	126	ok	pgm/altera_parallel_flash_loader_2/altera_parallel_flash_loader_2/altera_parallel_flash_loader_2_msgs.tcl
0.728	253632	27	ok	ethernet/alt_em10g32/example_design/LL10G_10GBASER/hwtesting/system_console/disable_loopback_conf.tcl
0.728	246196	53	ok	alt_xcvr/altera_xcvr_native_phy/altera_xcvr_native_s10/design_example_rules/common_rules/parameter_rules/rule_x1x2_if_adapter_par.tcl
0.728	246196	50	ok	altera_dp/sim_example/av/msim_dp.tcl
0.728	246196	328	ok	altera_gmii_to_rgmii_adapter/altera_gmii_to_rgmii_adapter_hw.tcl
0.728	2010844	91	ok	megafunctions/altmemmult/clearbox.tcl
0.728	1942428	297	ok	ethernet/ethernet_ucore/altera_eth_adapters/altera_eth_rs_mux/altera_eth_rs_mux_hw.tcl
0.728	1942428	19	ok	ethernet/alt_eth_ultra/example_project/hwtest/altera/sval_top/main.tcl
0.728	180756	197	ok	alt_mem_if/bridges/seq_mux_bridges/altera_mem_if_lpddr2_seq_mux_bridge/altera_mem_if_lpddr2_seq_mux_bridge_hw.tcl
0.727	253632	298	ok	altera_phylite/util/hwtcl_utils.tcl
0.727	246196	110	ok	alt_xcvr/alt_xcvr_ip_lib/alt_xcvr_tb_stim_gen/alt_xcvr_tb_stim_gen_hw.tcl
0.727	2010844	51	ok	emif/ip_col_if/altera_ip_col_if_hw.tcl
0.727	1942428	57	ok	altera_iopll/test/altera_iopll_run_tests.tcl
0.727	175168	317	ok	alt_mem_if/alt_mem_if_example_designs/alt_mem_if_rldramii_tg_eds/alt_mem_if_rldramii_tg_eds_hw.tcl
0.726	717340	33	ok	vip/ip_library/full_ip/alt_vip_cl_interlacer/alt_vip_cl_interlacer_sw.tcl
0.726	253632	39	ok	ethernet/tse_ucores/altera_eth_tse_testbench/testbench/run_tb.tcl
0.726	253632	154	ok	sopc_builder_ip/altera_avalon_sld2mm_sld_node/altera_avalon_sld2mm_sld_node_hw.tcl
0.726	246196	174	ok	alt_xcvr/altera_xcvr_native_phy/altera_xcvr_native_s10/design_example_rules/common_rules/parameter_rules/rule_data_gen_check_par.tcl
0.726	2010844	93	ok	university_program/input_output/altera_up_avalon_adc/altera_up_avalon_adc_sw.tcl
0.726	2010844	61	ok	altera_avalon_i2c/altera_avalon_i2c_sw.tcl
0.726	2010844	33	ok	vip/ip_library/full_ip/alt_vip_cl_tpg/alt_vip_cl_tpg_sw.tcl
0.726	2010844	151	ok	emif/ip_arch_nf/enum_defs_timing_params.tcl
0.726	1942428	24	ok	altera_dp/sim_example/cv/reconfig_mgmt_sim.tcl
0.726	1942428	229	ok	megafunctions/ram_2port/csv_ui_loader.tcl
0.726	1942428	14	ok	alt_xcvr/altera_xcvr_pll/mcgb_package_s10/pkgIndex.tcl
0.726	180756	152	ok	alt_mem_if/bridges/altera_mem_if_avalon2apb_bridge/altera_mem_if_avalon2apb_bridge_hw.tcl
0.726	171004	69	ok	alt_mem_if/alt_mem_if_tcl_packages/civ_emif/ip_top/ed_sim/main.tcl
0.725	717340	30	ok	sopc_builder_ip/altera_avalon_mega_common/mega_validator.tcl
0.725	253632	59	ok	emif/ip_sim_checker/altera_emif_sim_checker_hw.tcl
0.725	253632	51	ok	altera_xcvr_generic/ctrl/alt_xcvr_csr_fileset.tcl
0.725	253632	271	ok	sld/core/endpoint_wrappers/altera_config_stream_endpoint_bridge_hw.tcl
0.725	1942428	287	ok	audio_ip/clocked_audio_output/clocked_audio_output_hw.tcl
0.725	136720	235	ok	alt_interlaken/alt_interlaken_rst/alt_ntrlkn_reset_hw.tcl
0.724	717340	375	ok	altera_pcie/altera_pcie_sriov_dma_avmm/altpcied_sriov_mbox/altpcied_sriov_mbox_hw.tcl
0.724	717340	205	ok	iconnect/alt_hiconnect_demux2/alt_hiconnect_demux_hw.tcl
0.724	388580	62	ok	alt_xcvr/altera_xcvr_native_phy/altera_xcvr_native_s10/design_example_rules/common_rules/parameter_rules/rule_rst_ctrl_par.tcl
0.724	388580	18	ok	altera_oct/altera_oct_common/pkgIndex.tcl
0.724	388580	14	ok	alt_xcvr/altera_xcvr_pll/avgz/pkgIndex.tcl
0.724	341924	267	ok	alt_pr/alt_pr/alt_pr_hw.tcl
0.724	341924	163	ok	alt_mem_if/ed_comps/board_delay_models/altera_qdrii_board_delay_model/altera_qdrii_board_delay_model_hw.tcl
0.724	253632	64	ok	ethernet/alt_em10g32/example_design/LL10G_1G_2_5G_1588v2/hwtesting/system_console/test_functions.tcl
0.724	246196	147	ok	alt_xcvr/alt_xcvr_tcl_packages/utils/params_and_ports.tcl
0.724	2010844	86	ok	altera_gpio/altera_gpio_core14/altera_gpio_core_hw.tcl
0.724	2010844	195	ok	altera_dp/hw_demo/cv/assignments.tcl
0.724	1942428	29	ok	ethernet/alt_em10g32/example_design/LL10G_LINESIDE/simulation/ed_sim/cadence/ncsim_wave.tcl
0.724	1942428	206	ok	ethernet/tse_ucores/altera_eth_tse_nf_lvds_terminator/altera_eth_tse_nf_lvds_terminator_hw.tcl
0.724	155472	268	ok	alt_mem_if/alt_mem_if_mem_models/alt_mem_if_civ_ddr2_mem_model/alt_mem_if_civ_ddr2_mem_model_hw.tcl
0.723	717340	33	ok	vip/ip_library/full_ip/alt_vip_cl_crs/alt_vip_cl_crs_sw.tcl
0.723	717340	158	ok	megafunctions/altsqrt/make_var_wrapper.tcl
0.723	388580	249	ok	altera_emr_unloader/altera_emr_unloader/altera_emr_unloader_hw.tcl
0.723	253632	46	ok	ltpi/tcl/ltpi_hw.tcl
0.723	229028	204	ok	alt_mem_if/altera_mem_if_afi_muxes/altera_mem_if_lpddr_afi_mux/altera_mem_if_lpddr_afi_mux_hw.tcl
0.723	2010844	57	ok	sopc_builder_ip/altera_avalon_mutex/altera_avalon_mutex_sw.tcl
0.723	2010844	406	ok	altera_16550_uart/altera_16550_uart_hw.tcl
0.723	2010844	139	ok	ethernet/alt_em10g32/example_design/LL10G_1G_2_5G_10G/hwtesting/system_console/traffic_controller/traffic_controller.tcl
0.723	153460	415	ok	alt_mem_if/alt_mem_if_example_designs/alt_mem_if_rldram3_tg_ed/alt_mem_if_rldram3_tg_ed_hw.tcl
0.723	153460	289	ok	alt_mem_if/alt_mem_if_mem_models/alt_mem_if_avalon_dram_model/alt_mem_if_avalon_dram_model_hw.tcl
0.722	717340	77	ok	sopc_builder_ip/altera_avalon_epcs_flash_controller/altera_avalon_epcs_flash_controller_sw.tcl
0.722	717340	70	ok	ethernet/alt_em10g32/example_design/LL10G_1G_2_5G_1588v2/hwtesting/system_console/rcfg/mge_rcfg_inc.tcl
0.722	717340	542	ok	native_mac/twentynm_mac_native_hw/twentynm_mac_msg.tcl
0.722	341924	338	ok	alt_xaui/lib/altera_xcvr_xaui_hw.tcl
0.722	253632	331	ok	sld/misc/altera_a10_xcvr_reset_sequencer/altera_a10_xcvr_reset_sequencer_hw.tcl
0.722	2010844	54	ok	alt_xcvr/altera_xcvr_native_phy/dx_altera_xcvr_native_a10/design_example_rules/common_rules/rule_data_gen_check_par.tcl
0.722	2010844	286	ok	alt_xcvr/altera_xcvr_native_phy/cv/tcl/interfaces.tcl
0.722	2010844	164	ok	emif/ip_top/ctrl/lpddr3.tcl
0.722	2010844	120	ok	altera_pcie/altera_pcie_avmm/example_designs/c4gx_gen1x4/c4gx_gen1x4_qsys_top.tcl
0.722	2010844	103	ok	altera_phylite/ip_arch_nd/enum_defs_timing_params.tcl
0.722	1942428	93	ok	university_program/audio_video/altera_up_avalon_audio/altera_up_avalon_audio_sw.tcl
0.722	1942428	198	ok	emif/ip_mem_model/ip_core_ddr4/main.tcl
0.722	1942428	188	ok	megafunctions/lpm_divide/make_var_wrapper.tcl
0.722	1942428	140	ok	merlin/altera_irq_mapper/altera_irq_mapper_hw.tcl
0.722	180756	185	ok	alt_mem_if/altera_mem_if_afi_muxes/altera_mem_if_lpddr_afi_splitter/altera_mem_if_lpddr_afi_splitter_hw.tcl
0.722	171984	278	ok	alt_mem_if/alt_mem_if_mem_models/alt_mem_if_ddr2_mem_model/alt_mem_if_ddr2_mem_model_hw.tcl
0.721	717340	438	ok	iconnect/alt_hiconnect_burst_adapter/alt_hiconnect_burst_adapter_hw.tcl
0.721	717340	411	ok	altera_smb/altera_smb_hw.tcl
0.721	717340	372	ok	pgm/altera_epcq_controller2/altera_qspi_address_adaption_hw.tcl
0.721	717340	260	ok	altera_xcvr_att_custom/sv/modelsim_example_script.tcl
0.721	253632	413	ok	sopc_builder_ip/verification/altera_avalon_st_source_bfm/altera_avalon_st_source_bfm_api_wrapper_hw.tcl
0.721	253632	407	ok	merlin/altera_merlin_master_agent/altera_merlin_master_agent_hw.tcl
0.721	253632	193	ok	mentor_vip_ae/axi4lite/bfm/mgc_axi4lite_master_hw.tcl
0.721	2010844	51	ok	emif/ip_soft_nios/altera_emif_soft_nios_hw.tcl
0.721	2010844	169	ok	ethernet/alt_em10g32/example_design/LL10G_1G_2_5G_10G/hwtesting/system_console/traffic_controller/gen/gen_inc.tcl
0.721	1942428	41	ok	sopc_builder_ip/altera_avalon_data_source/data_source_sw.tcl
0.721	1942428	221	ok	merlin/altera_avalon_st_packet_switch/altera_avalon_st_packet_switch_hw.tcl
0.721	1942428	14	ok	altera_dp/src/altera_dp.stop_file.tcl
0.721	155472	332	ok	alt_mem_if/alt_mem_if_example_designs/alt_mem_if_rldram3_tg_eds/alt_mem_if_rldram3_tg_eds_hw.tcl
0.721	135928	217	ok	alt_eth_40g_100g/40gbe/rtl_src/adapter/tx/alt_e40_adapter_tx_hw.tcl
0.720	717340	88	ok	native_mac/common/mac_native_common.tcl
0.720	717340	48	ok	soft_processor/intel_niosv_common/hwtcl/hwtcl_add_interfaces.tcl
0.720	717340	48	ok	ethernet/alt_em10g32/example_design/LL10G_LINESIDE_1588v2/hwtesting/system_console/tod/tod_inc.tcl
0.720	717340	259	ok	sopc_builder_ip/verification/altera_hps_slave_bfm/altera_hps_slave_bfm_hw.tcl
0.720	717340	259	ok	merlin/altera_avalon_mm_unaligned_burst_expansion_bridge/altera_avalon_mm_unaligned_burst_expansion_bridge_hw.tcl
0.720	717340	256	ok	altera_sl3/src/source/altera_sl3_source_mac_hw.tcl
0.720	717340	180	ok	hps/util/math.tcl
0.720	717340	173	ok	sopc_builder_ip/altera_avalon_st_packets_to_bytes/altera_avalon_st_packets_to_bytes_hw.tcl
0.720	717340	151	ok	altera_phylite/ip_avl_ctrl/main.tcl
0.720	717340	105	ok	sopc_builder_ip/altera_avalon_jtag_uart/altera_avalon_jtag_uart_sw.tcl
0.720	341924	244	ok	alt_mem_if/altera_mem_if_qseq/altera_mem_if_sequencer_mem/altera_mem_if_sequencer_mem_hw.tcl
0.720	341924	144	ok	alt_mem_if/alt_mem_if_tcl_packages/util/list_array.tcl
0.720	253632	447	ok	merlin/altera_avalon_mm_clock_crossing_bridge/altera_avalon_mm_clock_crossing_bridge_hw.tcl
0.720	253632	417	ok	sopc_builder_ip/altera_avalon_epcs_flash_controller/altera_avalon_epcs_flash_controller_hw.tcl
0.720	253632	325	ok	merlin/altera_merlin_multiplexer/altera_merlin_multiplexer_hw.tcl
0.720	202864	228	ok	alt_mem_if/altera_mem_if_qseq/scc_mgr_110/sequencer_scc_mgr_hw.tcl
0.720	2010844	57	ok	emif/ip_tg_afi/ip_rld3/altera_emif_tg_afi_rld3_hw.tcl
0.720	2010844	57	ok	emif/ip_tg_afi/ip_lpddr3/altera_emif_tg_afi_lpddr3_hw.tcl
0.720	2010844	57	ok	emif/ip_tg_afi/ip_ddr3/altera_emif_tg_afi_ddr3_hw.tcl
0.720	2010844	49	ok	emif/ip_cal_slave/ip_core_nd/altera_emif_cal_slave_nd_hw.tcl
0.720	2010844	481	ok	altera_pcie/altera_pcie_cv_hip_avmm/altera_pcie_cv_hip_avmm_hw.tcl
0.720	2010844	356	ok	merlin/altera_reset_controller/altera_reset_controller_hw.tcl
0.720	2010844	33	ok	vip/ip_library/full_ip/alt_vip_cl_gamma_corrector/alt_vip_cl_gamma_corrector_sw.tcl
0.720	2010844	291	ok	altera_pcie/altera_pcie_avmm/altera_pcie_internal_pipe_interface_qsys_hw.tcl
0.720	2010844	272	ok	pgm/intel_generic_serial_flash_interface/intel_generic_serial_flash_interface_top/intel_generic_serial_flash_interface_top_hw.tcl
0.720	2010844	24	ok	common/hw_tcl_packages/altera_version.tcl
0.720	2010844	201	ok	altera_phylite/ip_arch_nd/sdc.tcl
0.720	2010844	182	ok	altera_vectored_interrupt_controller/priority/altera_vic_priority_hw.tcl
0.720	2010844	106	ok	alt_xcvr/altera_xcvr_native_phy/dx_altera_xcvr_native_a10/design_example_rules/rule_basic_enhanced_pcs/rule_basic_enhanced_pcs_duplex.tcl
0.720	1942428	96	ok	intel_lw_uart/intel_lw_uart_sw.tcl
0.720	1942428	424	ok	pgm/intel_generic_serial_flash_interface/intel_generic_serial_flash_interface_cmd/intel_generic_serial_flash_interface_cmd_hw.tcl
0.720	1942428	407	ok	megafunctions/lpm_shiftreg/lpm_shiftreg_hw.tcl
0.720	1942428	310	ok	vip/ip_library/component_ip/processing/alt_vip_cps_alg_core/alt_vip_cps_alg_core_hw.tcl
0.720	1942428	211	ok	ethernet/alt_eth_ultra/hwtcl/rtl_tools.tcl
0.720	175168	203	ok	alt_mem_if/alt_mem_if_mem_models/alt_mem_if_rldram3_mem_model/alt_mem_if_rldram3_mem_model_hw.tcl
0.720	171984	182	ok	alt_mem_if/alt_mem_if_mem_models/alt_mem_if_qdrii_mem_model/alt_mem_if_qdrii_mem_model_hw.tcl
0.720	152144	406	ok	alt_mem_if/alt_mem_if_controllers/alt_mem_if_nextgen_lpddr_controller_core/alt_mem_if_nextgen_lpddr_controller_core_hw.tcl
0.719	717340	539	ok	pgm/intel_generic_serial_flash_interface/intel_generic_serial_flash_interface_if_ctrl/intel_generic_serial_flash_interface_if_ctrl_hw.tcl
0.719	717340	460	ok	merlin/altera_merlin_burst_adapter/altera_merlin_burst_adapter_hw.tcl
0.719	717340	229	ok	megafunctions/lpm_counter/csv_ui_loader.tcl
0.719	717340	215	ok	vip/ip_library/component_ip/schedulers/alt_vip_tpg_multi_scheduler/alt_vip_tpg_multi_scheduler_hw.tcl
0.719	717340	150	ok	ethernet/alt_em10g32/example_design/LL10G_LINESIDE_1588v2/hwtesting/system_console/external_phy/bcm/bcm_phy.tcl
0.719	388580	152	ok	alt_xcvr/alt_xcvr_ip_lib/alt_xcvr_bus_splitter/alt_xcvr_bus_splitter_hw.tcl
0.719	341924	326	ok	alt_mem_if/altera_mem_if_qseq/rw_mgr_110/rw_manager_rldram3_hw.tcl
0.719	341924	188	ok	alt_mem_if/altera_mem_if_qseq/m10_rtl_seq/sequencer_m10_hw.tcl
0.719	341924	172	ok	alt_xcvr/alt_xcvr_core/nf/tcl/nf_atx_pll_parameters.tcl
0.719	253632	485	ok	altera_pcie/altera_pcie_hip_256_avmm/altera_pcie_256_hip_avmm_hw.tcl
0.719	253632	345	ok	sdi_ii/sdi_ii_tb_control/sdi_ii_tb_control_hw.tcl
0.719	253632	275	ok	merlin/altera_tristate_controller_translator/altera_tristate_controller_translator_hw.tcl
0.719	229028	325	ok	alt_mem_if/altera_mem_if_qseq/rw_mgr_110/rw_manager_lpddr2_hw.tcl
0.719	202864	279	ok	alt_mem_if/alt_mem_if_tcl_packages/gui/system_info.tcl
0.719	202864	206	ok	alt_mem_if/altera_mem_if_afi_muxes/altera_mem_if_ddr2_afi_mux/altera_mem_if_ddr2_afi_mux_hw.tcl
0.719	2010844	85	ok	ethernet/alt_eth_ultra/example_project/hwtest/altera/pkt_client/pkt_client.tcl
0.719	2010844	78	ok	emif/ip_arch_nd/arch_expert_exports.tcl
0.719	2010844	73	ok	university_program/input_output/altera_up_avalon_usb/altera_up_avalon_usb_sw.tcl
0.719	2010844	69	ok	emif/ip_top/ex_design_gui/qdr2.tcl
0.719	2010844	66	ok	emif/hwtcl/altera_emif_a10_hps/altera_emif_a10_hps_hw.tcl
0.719	2010844	59	ok	alt_xcvr/altera_xcvr_native_phy/altera_xcvr_native_s10/pkgIndex.tcl
0.719	2010844	58	ok	emif/ip_ecc/ip_core_nf/enum_defs.tcl
0.719	2010844	56	ok	emif/ip_mem_model/ip_core_ddr4/altera_emif_mem_model_core_ddr4_hw.tcl
0.719	2010844	507	ok	altera_pcie/altera_pcie_avgz_hip_avmm/altera_pcie_avgz_hip_avmm_hw.tcl
0.719	2010844	48	ok	alt_xcvr/altera_xcvr_native_phy/dx_altera_xcvr_native_a10/design_example_rules/common_rules/rule_atx_pll_par.tcl
0.719	2010844	45	ok	altera_phylite/ip_arch_nf/timing/memphy_ip_parameters.tcl
0.719	2010844	41	ok	ethernet/alt_em10g32/example_design/LL10G_1G_2_5G_1588v2/hwtesting/system_console/basic/basic.tcl
0.719	2010844	34	ok	emif/ip_mem_model/ip_core_qdr2/util.tcl
0.719	2010844	238	ok	dsp/altera_fir_compiler_ii/src/gen_input.tcl
0.719	2010844	220	ok	altera_pcie/altera_pcie_hip_256_avmm/control/altera_pcie_desc_control_hw.tcl
0.719	2010844	138	ok	emif/ip_top/phy/ddr4.tcl
0.719	2010844	130	ok	altera_oct/altera_oct_top/ex_design/make_qii_design.tcl
0.719	2010844	101	ok	alt_xcvr/alt_xcvr_ip_lib/alt_xcvr_freq_checker/alt_xcvr_freq_checker_hw.tcl
0.719	1942428	78	ok	common/hw_tcl_packages/ip_migrate.tcl
0.719	1942428	69	ok	dsp/lib/tcl/dspip_hls_common.tcl
0.719	1942428	62	ok	sopc_builder_ip/altera_avalon_dma/altera_avalon_dma_sw.tcl
0.719	1942428	480	ok	pgm/altera_epcq_controller2/altera_epcq_controller2_hw.tcl
0.719	1942428	387	ok	merlin/altera_customins_master_translator/altera_customins_master_translator_hw.tcl
0.719	1942428	221	ok	sopc_builder_ip/altera_avalon_sysid_qsys/altera_avalon_sysid_qsys_hw.tcl
0.719	1942428	189	ok	merlin/altera_tristate_conduit_bridge_translator/altera_tristate_conduit_bridge_translator_hw.tcl
0.719	1942428	171	ok	hps/util/pin_mux_db.tcl
0.719	1942428	159	ok	iconnect/alt_hiconnect_dc_fifo/alt_hiconnect_dc_fifo_hw.tcl
0.719	1942428	128	ok	vip/ip_library/common_tcl/alt_vip_helper_common.tcl
0.719	180756	291	ok	alt_mem_if/altera_mem_if_dll/altera_mem_if_dll_hw.tcl
0.719	175168	387	ok	alt_mem_if/alt_mem_if_phys/alt_mem_if_lpddr2_phy_core/constraints/sv/memphy_pin_assignments.tcl
0.719	175168	299	ok	alt_mem_if/alt_mem_if_example_designs/alt_mem_if_qdrii_tg_eds/alt_mem_if_qdrii_tg_eds_hw.tcl
0.719	171984	354	ok	alt_mem_if/alt_mem_if_controllers/alt_mem_if_nextgen_ddr3_controller_core/alt_mem_if_nextgen_ddr3_controller_core_hw.tcl
0.719	152144	251	ok	alt_interlaken/altera_interlaken_hsio_bank/altera_interlaken_hsio_bank_pmad5/alt_ntrlkn_hsio_bank_pmad5_hw.tcl
0.719	144796	236	ok	alt_mem_if/alt_mem_if_controllers/alt_mem_if_nextgen_lpddr_controller/alt_mem_if_nextgen_lpddr_controller_hw.tcl
0.718	717340	93	ok	university_program/audio_video/video/altera_up_avalon_video_character_buffer_with_dma/altera_up_avalon_video_character_buffer_with_dma_sw.tcl
0.718	717340	93	ok	university_program/audio_video/altera_up_avalon_audio_and_video_config/altera_up_avalon_audio_and_video_config_sw.tcl
0.718	717340	91	ok	pgm/altera_arria10_chip_id/altera_arria10_chip_id_hw_proc.tcl
0.718	717340	89	ok	sopc_builder_ip/altera_avalon_uart/altera_avalon_uart_sw.tcl
0.718	717340	72	ok	altera_xcvr_generic/cv/cv_xcvr_native_fileset.tcl
0.718	717340	64	ok	soft_processor/intel_niosv_g/intel_niosv_g_ucosii_sw.tcl
0.718	717340	404	ok	dsp/altera_fpdsp_block/A10/FPDSP_hw.tcl
0.718	717340	33	ok	vip/ip_library/full_ip/alt_vip_cl_cvo/alt_vip_cl_cvo_sw.tcl
0.718	717340	216	ok	sld/core/endpoint_wrappers/altera_avalon_st_debug_host_endpoint_bridge_hw.tcl
0.718	717340	213	ok	iconnect/alt_hiconnect_unsquish/alt_hiconnect_unsquish_hw.tcl
0.718	717340	201	ok	altera_phylite/ip_top/ex_design.tcl
0.718	717340	155	ok	ethernet/alt_em10g32/example_design/LL10G_LINESIDE_1588v2/hwtesting/system_console/traffic_controller/traffic_controller.tcl
0.718	388580	497	ok	alt_xcvr/alt_xcvr_tcl_packages/de_tcl/framework.tcl
0.718	388580	199	ok	alt_xcvr/alt_xcvr_tcl_packages/system_console/alt_xcvr_reconfig_if.tcl
0.718	341924	280	ok	alt_mem_if/altera_mem_if_qseq/altera_mem_if_lpddr_qseq/altera_mem_if_lpddr_qseq_hw.tcl
0.718	253632	260	ok	pgm/altera_asmi_parallel2_top/avl_mem_addr_adaption_hw.tcl
0.718	253632	220	ok	merlin/altera_merlin_std_arbitrator/altera_merlin_std_arbitrator_hw.tcl
0.718	253632	175	ok	sopc_builder_ip/verification/altera_avalon_interrupt_sink/altera_avalon_interrupt_sink_hw.tcl
0.718	202864	160	ok	alt_mem_if/altera_mem_if_qseq/hcx_rom_bridge/rom_bridge_hw.tcl
0.718	202864	131	ok	alt_mem_if/altera_mem_if_qseq/pll_mgr_140/sequencer_pll_mgr_hw.tcl
0.718	2010844	88	ok	emif/ip_top/ctrl/rld3.tcl
0.718	2010844	73	ok	emif/ip_top/diag/rld3.tcl
0.718	2010844	593	ok	ethernet/ethernet_ucore/altera_eth_gmii_mii_decoder/altera_eth_gmii_mii_decoder_hw.tcl
0.718	2010844	56	ok	emif/ip_mem_model/ip_core_rld2/altera_emif_mem_model_core_rld2_hw.tcl
0.718	2010844	52	ok	ltpi/tcl/gen_ed_sim.tcl
0.718	2010844	425	ok	merlin/altera_avalon_sc_fifo_w_ecc/altera_avalon_sc_fifo_w_ecc_hw.tcl
0.718	2010844	415	ok	sld/jtag/altera_signaltap_agent/altera_signaltap_agent_hw.tcl
0.718	2010844	38	ok	ethernet/alt_e2550/example_project/hwtest/altera/alt_aeu_40/eth_ultra_mac_inc.tcl
0.718	2010844	370	ok	sopc_builder_ip/altera_avalon_jtag_phy/altera_avalon_st_jtag_interface_hw.tcl
0.718	2010844	359	ok	pgm/altera_crcerror_verify/altera_crcerror_verify2/crcerror_verify_hw.tcl
0.718	2010844	30	ok	ethernet/alt_em10g32/example_design/LL10G_10G_USXGMII/hwtesting/system_console/test_functions.tcl
0.718	2010844	261	ok	alt_xcvr/altera_xcvr_pll/altera_xcvr_atx_pll_s10/tcl/fileset.tcl
0.718	2010844	25	ok	alt_xcvr/altera_xcvr_native_phy/sv/tcl/altera_xcvr_native_sv_hw.tcl
0.718	2010844	229	ok	megafunctions/altclkctrl/csv_ui_loader.tcl
0.718	2010844	21	ok	ethernet/alt_em10g32/example_design/LL10G_1G_2_5G_1588v2/hwtesting/system_console/rcfg/mge_rcfg_reg_map.tcl
0.718	2010844	120	ok	ethernet/ethernet_ucore/altera_eth_databus_bit_inserter/altera_eth_databus_bit_inserter_hw.tcl
0.718	1942428	575	ok	pgm/altera_parallel_flash_loader_2/altera_parallel_flash_loader_2/altera_parallel_flash_loader_2_hw.tcl
0.718	1942428	44	ok	altera_dp/de_gen/arria_10/script/runall.tcl
0.718	1942428	346	ok	sopc_builder_ip/verification/altera_nios2_custom_instr_master_bfm/altera_nios2_custom_instr_master_bfm_hw.tcl
0.718	1942428	229	ok	ethernet/ethernet_ucore/altera_eth_lane_decoder/altera_eth_lane_decoder_hw.tcl
0.718	1942428	152	ok	alt_xcvr_reconfig/alt_xcvr_reconfig_basic/sv_xcvr_reconfig_basic_hw.tcl
0.718	175168	377	ok	alt_mem_if/alt_mem_if_phys/alt_mem_if_ddr2_phy_core/constraints/m10/memphy_pin_assignments.tcl
0.718	175168	304	ok	alt_mem_if/alt_mem_if_controllers/alt_mem_if_rldram3_controller/alt_mem_if_rldram3_controller_hw.tcl
0.718	171984	235	ok	alt_mem_if/alt_mem_if_controllers/alt_mem_if_nextgen_lpddr2_controller/alt_mem_if_nextgen_lpddr2_controller_hw.tcl
0.718	162904	160	ok	alt_mem_if/alt_mem_if_tcl_packages/civ_emif/ip_bridge/main.tcl
0.718	155472	372	ok	alt_mem_if/alt_mem_if_phys/alt_mem_if_lpddr_phy_core/constraints/sv/memphy_pin_assignments.tcl
0.718	155472	225	ok	alt_mem_if/alt_mem_if_mem_models/alt_mem_if_lpddr_mem_model/alt_mem_if_lpddr_mem_model_hw.tcl
0.718	152144	348	ok	alt_mem_if/alt_mem_if_controllers/alt_mem_if_lpddr2_controller/alt_mem_if_lpddr2_controller_hw.tcl
0.717	717340	80	ok	ethernet/alt_em10g32/example_design/LL10G_1G_2_5G_10G/hwtesting/system_console/phy/phy_ip_inc.tcl
0.717	717340	173	ok	sopc_builder_ip/verification/altera_avalon_interrupt_source/altera_avalon_interrupt_source_hw.tcl
0.717	253632	47	ok	hps/util/ui.tcl
0.717	229028	497	ok	alt_mem_if/alt_mem_if_tcl_packages/gui/qdrii_mem_model.tcl
0.717	2010844	96	ok	hps/hard_peripheral_logical_view/arm_a9/arm_a9_hw.tcl
0.717	2010844	75	ok	merlin/altera_irq_fanout/altera_irq_fanout_hw.tcl
0.717	2010844	75	ok	common/hw_tcl_packages/altera_hwtcl_xml_validator.tcl
0.717	2010844	55	ok	ethernet/alt_em10g32/example_design/LL10G_10G_USXGMII/hwtesting/system_console/basic/basic.tcl
0.717	2010844	53	ok	vip/ip_library/component_ip/utility/alt_vip_message_sink_terminator/alt_vip_message_sink_terminator_hw.tcl
0.717	2010844	464	ok	merlin/altera_merlin_slave_agent/altera_merlin_slave_agent_hw.tcl
0.717	2010844	421	ok	sopc_builder_ip/verification/altera_avalon_st_sink_bfm/altera_avalon_st_sink_bfm_api_wrapper_hw.tcl
0.717	2010844	413	ok	iconnect/alt_hiconnect_av_slv_agent/alt_hiconnect_av_slv_agent_hw.tcl
0.717	2010844	408	ok	megafunctions/parallel_add/parallel_add_hw.tcl
0.717	2010844	394	ok	merlin/altera_avalon_mm_bridge/altera_avalon_mm_bridge_hw.tcl
0.717	2010844	378	ok	sld/si_fixes/alt_xcvr/altera_xcvr_reset_sequencer/altera_xcvr_reset_sequencer_s10/altera_xcvr_reset_sequencer_s10_hw.tcl
0.717	2010844	352	ok	pgm/altera_emr_unloader/altera_emr_unloader_core2/emr_unloader_core_hw.tcl
0.717	2010844	326	ok	ethernet/ethernet_ucore/altera_eth_pkt_backpressure_control/altera_eth_pkt_backpressure_control_hw.tcl
0.717	2010844	306	ok	rs_ii/src/dec/altera_rs_ser_dec/altera_rs_ser_dec_hw.tcl
0.717	2010844	305	ok	sdi_ii/sdi_ii_library/sdi_ii_rx_phy_mgmt/sdi_ii_rx_phy_mgmt_hw.tcl
0.717	2010844	29	ok	sld/core/altera_instrumentation_fabric/alt_sld_fab_hw.tcl
0.717	2010844	277	ok	merlin/altera_error_response_slave/altera_error_response_slave_hw.tcl
0.717	2010844	232	ok	sopc_builder_ip/verification/altera_conduit_bfm/altera_conduit_bfm_hw.tcl
0.717	2010844	230	ok	pgm/altera_asmi_parallel2/asmi_top/altera_asmi_parallel2_hw.tcl
0.717	2010844	223	ok	sld/trace/monitors/altera_trace_ts_module/altera_trace_timestamp_monitor_hw.tcl
0.717	2010844	213	ok	iconnect/alt_hiconnect_squish/alt_hiconnect_squish_hw.tcl
0.717	2010844	194	ok	ethernet/alt_eth_ultra/hwtcl/qsf_tools.tcl
0.717	2010844	177	ok	soft_processor/intel_niosv_common/hwtcl/hwtcl_common.tcl
0.717	2010844	176	ok	ethernet/alt_eth_ultra/hwtcl/tools.tcl
0.717	2010844	171	ok	pgm/altera_parallel_flash_loader_2/altera_parallel_flash_loader_2/altera_parallel_flash_loader_2_common.tcl
0.717	2010844	151	ok	ethernet/alt_e2550/hwtcl/qsf_tools.tcl
0.717	2010844	139	ok	ethernet/alt_em10g32/example_design/LL10G_1G_2_5G_1588v2/hwtesting/system_console/traffic_controller/traffic_controller.tcl
0.717	2010844	139	ok	ethernet/alt_em10g32/example_design/LL10G_10G_USXGMII/hwtesting/system_console/traffic_controller/traffic_controller.tcl
0.717	1942428	57	ok	emif/ip_mem_model/ip_core_qdr4/altera_emif_mem_model_core_qdr4_hw.tcl
0.717	1942428	522	ok	ethernet/altera_eth_2_5g_pcs_pma_16b/altera_eth_2_5g_pcs_pma_16b_hw.tcl
0.716	717340	93	ok	university_program/input_output/altera_up_avalon_de0_nano_adc/altera_up_avalon_de0_nano_adc_sw.tcl
0.716	717340	85	ok	ethernet/alt_eth_ultra/hwtcl/srf_tools.tcl
0.716	717340	73	ok	ethernet/altera_eth_10g_design_example/csr_scripts/common.tcl
0.716	717340	60	ok	hps/hard_peripheral_logical_view/denali_nand/denali_nand_hw.tcl
0.716	717340	60	ok	altera_xcvr_generic/alt_xcvr_common.tcl
0.716	717340	412	ok	ethernet/ethernet_ucore/altera_eth_frame_decoder_2_5g/altera_eth_frame_decoder_2_5g_hw.tcl
0.716	717340	41	ok	ethernet/alt_em10g32/example_design/LL10G_LINESIDE/hwtesting/system_console/basic/basic.tcl
0.716	717340	391	ok	altera_ufm/altera_ufm_parallel/altera_ufm_parallel_hw.tcl
0.716	717340	302	ok	sld/trace/core/altera_trace_capture_controller/altera_trace_capture_controller_hw.tcl
0.716	717340	270	ok	ethernet/ethernet_ucore/altera_eth_10g_tx_register_map/altera_eth_10g_tx_register_map_hw.tcl
0.716	717340	197	ok	ethernet/tse_ucores/altera_eth_tse_phyip_terminator/altera_eth_tse_phyip_terminator_hw.tcl
0.716	717340	18	ok	ethernet/alt_em10g32/example_design/LL10G_1G_2_5G_1588v2/hwtesting/system_console/traffic_controller/avalonstloopback/avalon_st_loopback_reg_map.tcl
0.716	717340	152	ok	vip/ip_library/common_tcl/alt_vip_av_st_video_format.tcl
0.716	717340	143	ok	ethernet/alt_eth_ultra/example_project/hwtest/common/jtag_basic.tcl
0.716	717340	122	ok	hps/util/xml.tcl
0.716	717340	116	ok	dsp/lib/tcl/avalon_streaming_util.tcl
0.716	717340	101	ok	ltpi/design_example_tb/hwtest/jtag_basic.tcl
0.716	388580	186	ok	altera_dp/de_gen/arria_10/rtl/altera_avalon_i2c/oc_i2c_master_hw.tcl
0.716	341924	360	ok	alt_mem_if/altera_avalon_mm_traffic_generator/altera_avalon_mm_traffic_generator_core/altera_avalon_mm_traffic_generator_core_hw.tcl
0.716	341924	186	ok	alt_mem_if/ed_comps/board_delay_model_bridge/altera_rldram3_board_delay_model_bridge_hw.tcl
0.716	253632	58	ok	pgm/altera_epcq_controller2/altera_epcq_controller2_sw.tcl
0.716	253632	471	ok	sdi_ii/sdi_ii/sdi_ii_hw.tcl
0.716	253632	44	ok	altera_pcie/altera_pcie_hip_256_avmm/channelizer/pcie_mc_parameters.tcl
0.716	253632	404	ok	sdi_ii/sdi_ii_library/sdi_ii_rx_protocol/sdi_ii_rx_protocol_hw.tcl
0.716	253632	242	ok	merlin/altera_axi_timeout_bridge/altera_axi_timeout_bridge_hw.tcl
0.716	253632	222	ok	sld/trace/monitors/alt_vip_avst_video_monitor/alt_vip_avst_video_monitor_hw.tcl
0.716	229028	72	ok	alt_mem_if/alt_mem_if_tcl_packages/pkgIndex.tcl
0.716	229028	449	ok	alt_mem_if/alt_mem_if_tcl_packages/gui/common_rldram_controller.tcl
0.716	229028	306	ok	alt_mem_if/altera_mem_if_rseq/altera_mem_if_rldramii_rseq/altera_mem_if_rldramii_rseq_hw.tcl
0.716	229028	272	ok	alt_mem_if/altera_mem_if_qseq/altera_mem_if_qdrii_qseq/altera_mem_if_qdrii_qseq_hw.tcl
0.716	229028	175	ok	alt_mem_if/altera_mem_if_qseq/m10_trk_mgr/sequencer_trk_mgr_m10_hw.tcl
0.716	202864	304	ok	alt_xcvr/alt_xcvr_core/nf/tcl/nf_cmu_fpll_parameters.tcl
0.716	202864	222	ok	alt_mem_if/ed_comps/board_delay_model_bridge/altera_ddr3_board_delay_model_bridge_hw.tcl
0.716	2010844	288	ok	altera_pcie/altera_pcie_a10_ed/example_design/a10-pcie-devkit-prj.tcl
0.716	2010844	263	ok	altera_pcie/altera_pcie_avmm/altera_pcie_bfm_qsys_hw.tcl
0.716	2010844	196	ok	altera_pcie/altera_pcie_hip_ast_tbed/verilog/pcie_mti_setup.tcl
0.716	2010844	166	ok	emif/ip_ctrl/ip_qdr2/ctrl_expert_exports.tcl
0.716	1942428	91	ok	emif/ip_sig_splitter/main.tcl
0.716	1942428	59	ok	ethernet/tse_ucores/altera_eth_tse_testbench/generate_sim_vhdl.tcl
0.716	1942428	451	ok	sld/jtag/altera_signaltap_ii_logic_analyzer/altera_signaltap_ii_logic_analyzer_hw.tcl
0.716	1942428	401	ok	megafunctions/altecc/altecc_hw.tcl
0.716	1942428	358	ok	soft_processor/intel_niosv_m/intel_niosv_m_hw.tcl
0.716	1942428	295	ok	dsp/altera_fp_matrix_inv/altera_fp_matrix_inv_hw.tcl
0.716	1942428	288	ok	megafunctions/altshift_taps/make_var_wrapper_tb.tcl
0.716	1942428	246	ok	sld/jtag/altera_in_system_sources_probes/altera_in_system_sources_probes_hw.tcl
0.716	1942428	235	ok	emif/ip_arch_nf/hps.tcl
0.716	1942428	168	ok	emif/ip_arch_nd/enum_defs.tcl
0.716	1942428	145	ok	emif/ip_arch_nd/enum_defs_timing_params.tcl
0.716	1942428	144	ok	gx_debug/frequency_counter/frequency_counter_hw.tcl
0.716	1942428	105	ok	emif/ip_tg_afi/ip_rld3/main.tcl
0.716	180756	241	ok	alt_mem_if/altera_mem_if_afi_muxes/altera_mem_if_ddr3_afi_splitter/altera_mem_if_ddr3_afi_splitter_hw.tcl
0.716	180756	189	ok	alt_mem_if/altera_mem_if_qseq/data_mgr_110/sequencer_data_mgr_hw.tcl
0.716	180756	143	ok	alt_mem_if/ed_comps/board_delay_models/altera_rldramii_board_delay_model/altera_rldramii_board_delay_model_hw.tcl
0.716	180756	137	ok	alt_mem_if/alt_mem_if_tcl_packages/gui/uniphy_dll.tcl
0.716	175168	410	ok	alt_mem_if/alt_mem_if_controllers/alt_mem_if_nextgen_lpddr2_controller_core/alt_mem_if_nextgen_lpddr2_controller_core_hw.tcl
0.716	175168	401	ok	alt_mem_if/alt_mem_if_phys/alt_mem_if_lpddr_phy_core/constraints/acv/memphy_pin_assignments.tcl
0.716	175168	347	ok	alt_mem_if/alt_mem_if_controllers/alt_mem_if_ddr3_controller/alt_mem_if_ddr3_controller_hw.tcl
0.716	171004	130	ok	alt_mem_if/alt_mem_if_phys/alt_mem_if_qdrii_phy_core/constraints/sv/memphy_timing.tcl
0.716	155472	481	ok	alt_mem_if/alt_mem_if_phys/alt_mem_if_ddr2_phy_core/constraints/memphy_pin_assignments.tcl
0.716	155472	379	ok	alt_mem_if/alt_mem_if_example_designs/alt_mem_if_lpddr_tg_eds/alt_mem_if_lpddr_tg_eds_hw.tcl
0.716	153460	423	ok	alt_mem_if/alt_mem_if_example_designs/alt_mem_if_hps_tg_ed/alt_mem_if_hps_tg_ed_hw.tcl
0.693	253632	51	ok	ethernet/alt_em10g32/example_design/LL10G_1G_10G_LINESIDE/hwtesting/system_console/test_parameter/parameter.tcl
0.691	717340	25	ok	ethernet/alt_eth_ultra/hwtcl/alt_eth_ultra_100_hw.tcl
0.691	2010844	54	ok	merlin/lib/terp.tcl
0.687	1942428	443	ok	altera_hps_emac_interface_splitter/altera_hps_emac_interface_splitter_hw.tcl
0.683	1942428	196	ok	generic_qspi_controller/soft_asmiblock_hw.tcl
0.682	253632	57	ok	sopc_builder_ip/altera_avalon_sysid_qsys/altera_avalon_sysid_qsys_sw.tcl
0.682	2010844	50	ok	altera_dp/sim_example/cv/msim_dp.tcl
0.682	1942428	248	ok	rs_ii/src/rs_ucores/dec/altera_rs_ser_transaction_format_adapter/altera_rs_ser_transaction_format_adapter_hw.tcl
0.681	2010844	190	ok	sld/trace/monitors/altera_trace_dummy_monitor/altera_trace_dummy_monitor_hw.tcl
0.681	1942428	49	ok	emif/ip_ctrl/ip_rld2/enum_defs.tcl
0.680	2010844	239	ok	sld/core/endpoint_wrappers/altera_avalon_st_debug_agent_endpoint_bridge_hw.tcl
0.679	246196	54	ok	altera_dp/hw_demo/sv/build_ip.tcl
0.679	136200	167	ok	alt_interlaken/alt_interlaken_pcs/altera_xcvr_interlaken_hw.tcl
0.678	717340	192	ok	sld/trace/monitors/altera_avst_tmon_mlab/altera_avst_tmon_mlab_hw.tcl
0.678	388580	47	ok	alt_xcvr/altera_xcvr_native_phy/sv/tcl/module.tcl
0.678	2010844	184	ok	altera_phylite/util/arch_expert.tcl
0.678	1942428	331	ok	altera_gmii_to_sgmii_adapter/altera_gmii_to_sgmii_adapter_hw.tcl
0.677	253632	58	ok	hps/hard_peripheral_logical_view/dcan/dcan_hw.tcl
0.677	253632	57	ok	vip/verification/testbench/run.tcl
0.677	2010844	138	ok	university_program/clocks/altera_up_avalon_reset_from_locked_signal/altera_up_avalon_reset_from_locked_signal_hw.tcl
0.677	1942428	195	ok	rs_ii/src/enc/altera_rs_ser_enc/altera_rs_ser_enc_hw.tcl
0.677	1942428	167	ok	soft_processor/intel_niosv_common/intel_niosv_timer_msip_hw.tcl
0.676	246196	58	ok	altera_epcq_controller/altera_epcq_controller_sw.tcl
0.676	144796	154	ok	alt_interlaken/alt_ntrlkn_oob/alt_ntrlkn_oob_rx/alt_ntrlkn_oob_rx_hw.tcl
0.675	717340	293	ok	ethernet/alt_em10g32/example_design/LL10G_1G_10G_LINESIDE_1588v2/hwtesting/system_console/mac/10g_mac_reg_map.tcl
0.675	253632	383	ok	pgm/intel_generic_serial_flash_interface/intel_generic_serial_flash_interface_xip/intel_generic_serial_flash_interface_xip_hw.tcl
0.675	2010844	43	ok	ltpi/design_example_rules/main_tb_rule.tcl
0.675	1942428	80	ok	audio_ip/simulation/run.tcl
0.675	1942428	373	ok	ethernet/altera_eth_10g_design_example/design_example_components/altera_eth_loopback_composed/altera_eth_loopback_composed_hw.tcl
0.675	175168	126	ok	alt_mem_if/alt_mem_if_tcl_packages/gui/abstract_ram.tcl
0.674	717340	74	ok	emif/ip_top/diag/rld2.tcl
0.674	717340	193	ok	mentor_vip_ae/axi4lite/bfm/mgc_axi4lite_slave_hw.tcl
0.674	253632	64	ok	soft_processor/intel_niosv_m/intel_niosv_m_ucosii_sw.tcl
0.674	253632	213	ok	sld/trace/monitors/altera_avst_throughput_monitor/altera_throughput_tap_xlate_hw.tcl
0.674	253632	14	ok	ethernet/alt_e2550/example_project/hwtest/altera/optical_module/main.tcl
0.674	2010844	39	ok	altera_dp/hw_demo/sv/runall.tcl
0.674	2010844	211	ok	alt_xcvr/alt_xcvr_ip_lib/alt_xcvr_sc_debug/alt_xcvr_sc_debug_hw.tcl
0.674	2010844	113	ok	alt_xcvr/altera_xcvr_native_phy/altera_xcvr_native_s10/design_example_rules/main_rule.tcl
0.674	1942428	62	ok	emif/hwtcl/altera_emif_s10/altera_emif_s10_hw.tcl
0.674	1942428	134	ok	emif/ip_cal_slave/ip_core_nd/main.tcl
0.673	717340	92	ok	university_program/audio_video/video/altera_up_avalon_video_pixel_buffer_dma/altera_up_avalon_video_pixel_buffer_dma_sw.tcl
0.673	388580	47	ok	alt_xcvr/altera_xcvr_10gbase_kr/altera_xcvr_10gbase_kr/tcl/module.tcl
0.673	388580	17	ok	alt_xcvr/altera_xcvr_10gbase_kr/arria10/altera_xcvr_10gkr_a10/pkgIndex.tcl
0.673	341924	61	ok	alt_mem_if/altera_mem_if_nios2_hal/altera_mem_if_nios2_hal_sw.tcl
0.673	253632	63	ok	soft_processor/intel_niosv_m/intel_niosv_m_freertos_sw.tcl
0.673	253632	205	ok	sopc_builder_ip/altera_avalon_mutex/altera_avalon_mutex_hw.tcl
0.673	2010844	79	ok	alt_xcvr/altera_xcvr_native_phy/altera_xcvr_native_s10/design_example_rules/common_rules/connection_rules/rule_data_gen_check_con.tcl
0.673	2010844	71	ok	alt_xcvr/altera_xcvr_native_phy/altera_xcvr_native_s10/design_example_rules/common_rules/parameter_rules/rule_rx_bitslip_gen_par.tcl
0.673	2010844	57	ok	common/hw_tcl_packages/altera_exec.tcl
0.673	2010844	299	ok	sopc_builder_ip/verification/altera_nios2_custom_instr_hybrid_master_bfm/altera_nios2_custom_instr_hybrid_master_bfm_hw.tcl
0.673	1942428	83	ok	common/hw_tcl_packages/quartus_advanced_wysiwyg.tcl
0.673	1942428	38	ok	ethernet/alt_em10g32/example_design/LL10G_LINESIDE_1588v2/hwtesting/system_console/traffic_controller/avalonstloopback/avalon_st_loopback_inc.tcl
0.673	1942428	102	ok	emif/ip_tg_afi/ip_lpddr3/main.tcl
0.673	145176	197	ok	alt_interlaken/altera_interlaken_hsio_bank/altera_interlaken_hsio_bank_10g/alt_ntrlkn_hsio_bank_10g_hw.tcl
0.672	717340	51	ok	emif/ip_tg_avl/enum_defs.tcl
0.672	717340	29	ok	ethernet/alt_em10g32/example_design/LL10G_1G_2_5G_1588v2/simulation/ed_sim/cadence/ncsim_wave.tcl
0.672	717340	142	ok	sld/misc/altera_system_max_id/altera_system_max_id_hw.tcl
0.672	253632	63	ok	emif/arch_common/util.tcl
0.672	253632	53	ok	sopc_builder_ip/altera_avalon_jtag_uart/altera_avalon_jtag_uart_lwhal_sw.tcl
0.672	253632	29	ok	ethernet/alt_em10g32/example_design/LL10G_10GBASER_RegMode/hwtesting/system_console/reconfig_conf.tcl
0.672	253632	210	ok	sld/core/endpoint_wrappers/altera_avalon_st_debug_agent_endpoint_tieoff_hw.tcl
0.672	229028	197	ok	alt_mem_if/bridges/seq_mux_bridges/altera_mem_if_ddr3_seq_mux_bridge/altera_mem_if_ddr3_seq_mux_bridge_hw.tcl
0.672	2010844	85	ok	alt_xcvr/altera_xcvr_native_phy/altera_xcvr_native_s10/design_example_rules/common_rules/parameter_rules/rule_bus_split_concat_par.tcl
0.672	2010844	229	ok	rs_ii/src/rs_ucores/dec/altera_rs_ser_transaction_converter/altera_rs_ser_transaction_converter_hw.tcl
0.672	1942428	97	ok	emif/ip_top/ctrl.tcl
0.672	1942428	93	ok	university_program/audio_video/altera_up_avalon_character_lcd/altera_up_avalon_character_lcd_sw.tcl
0.672	1942428	56	ok	emif/ip_mem_model/ip_core_ddr3/altera_emif_mem_model_core_ddr3_hw.tcl
0.672	175168	92	ok	alt_mem_if/alt_mem_if_tcl_packages/civ_emif/ip_top/ed_synth/main.tcl
0.672	144340	256	ok	alt_interlaken/altera_interlaken_hsio_bank/altera_interlaken_hsio_bank_bpcs4/alt_ntrlkn_hsio_bank_bpcs4_hw.tcl
0.671	717340	81	ok	altera_phylite/util/pkgIndex.tcl
0.671	717340	49	ok	ethernet/altera_eth_10g_design_example/altera_eth_10g_mac_base_r/testbench/tb_run.tcl
0.671	717340	255	ok	altera_sl3/src/phy/adapter/altera_sl3_phy_adapter_hw.tcl
0.671	717340	218	ok	ethernet/ethernet_ucore/altera_eth_statistics_collector/altera_eth_statistics_collector_hw.tcl
0.671	202864	173	ok	alt_mem_if/alt_mem_if_tcl_packages/gui/noise_gen.tcl
0.671	2010844	82	ok	altera_oct/altera_oct_core14/altera_oct_hw.tcl
0.671	2010844	73	ok	altera_phylite/hwtcl/altera_phylite/altera_phylite_hw.tcl
0.671	2010844	51	ok	sopc_builder_ip/altera_avalon_lan91c111/altera_avalon_lan91c111_hal_sw.tcl
0.671	2010844	41	ok	vip/ip_library/full_ip/alt_vip_cl_2dfir/alt_vip_cl_2dfir_sw.tcl
0.671	2010844	17	ok	alt_xcvr/altera_xcvr_cal/altera_xcvr_cal_a10/pkgIndex.tcl
0.671	1942428	393	ok	university_program/clocks/altera_up_avalon_sys_sdram_pll/altera_up_avalon_sys_sdram_pll_hw.tcl
0.671	1942428	317	ok	ethernet/ethernet_ucore/altera_eth_preamble_custom/altera_eth_preamble_custom_hw.tcl
0.671	1942428	128	ok	alt_xcvr/altera_xcvr_native_phy/dx_altera_xcvr_native_a10/dx_altera_xcvr_native_a10_hw.tcl
0.671	175168	272	ok	alt_mem_if/alt_mem_if_jtag_master/alt_mem_if_jtag_master_hw.tcl
0.670	717340	97	ok	common/hw_tcl_packages/altera_terp.tcl
0.670	717340	75	ok	hps/hard_peripheral_logical_view/hps_clk_src/hps_clk_src_hw.tcl
0.670	717340	75	ok	altera_pcie_pipe/av/av_xcvr_pipe_common.tcl
0.670	717340	56	ok	ethernet/alt_em10g32/example_design/LL10G_1G_2_5G_10G/hwtesting/system_console/channel_setting.tcl
0.670	717340	56	ok	emif/ip_mem_model/ip_core_lpddr3/altera_emif_mem_model_core_lpddr3_hw.tcl
0.670	717340	56	ok	common/hw_tcl_packages/altera_hwtcl_qtcl.tcl
0.670	717340	55	ok	sopc_builder_ip/altera_avalon_mutex/altera_avalon_mutex_lwhal_sw.tcl
0.670	717340	388	ok	merlin/altera_merlin_traffic_limiter/altera_merlin_traffic_limiter_hw.tcl
0.670	717340	293	ok	ethernet/alt_em10g32/example_design/LL10G_LINESIDE/hwtesting/system_console/mac/10g_mac_reg_map.tcl
0.670	717340	29	ok	ethernet/alt_em10g32/example_design/LL10G_1G_2_5G_10G/simulation/ed_sim/cadence/ncsim_wave.tcl
0.670	717340	271	ok	sld/trace/monitors/altera_trace_av_st_tap/altera_trace_av_st_tap_hw.tcl
0.670	717340	260	ok	altera_pcie/altera_pcie_sriov_dma_router/altera_pcie_sriov_dma_router_hw.tcl
0.670	717340	253	ok	sld/trace/monitors/altera_trace_adc_monitor/altera_trace_adc_monitor_driver_hw.tcl
0.670	717340	245	ok	gx_debug/altera_avalon_data_pattern_checker/altera_avalon_data_pattern_checker_core_hw.tcl
0.670	717340	215	ok	sld/jtag/altera_jtag_debug_link/altera_jtag_debug_link_internal_hw.tcl
0.670	717340	198	ok	ethernet/ethernet_ucore/altera_eth_lane_encoder_2_5g/altera_eth_lane_encoder_2_5g_hw.tcl
0.670	717340	186	ok	university_program/memory/altera_up_avalon_ssram/altera_up_avalon_ssram_hw.tcl
0.670	717340	120	ok	dsp/altera_fir_compiler_ii/src/gen_nativelink.tcl
0.670	388580	14	ok	alt_xcvr/altera_xcvr_pll/mcgb_package_vi/pkgIndex.tcl
0.670	341924	316	ok	alt_mem_if/alt_mem_if_tcl_packages/gui/qdrii_controller.tcl
0.670	341924	126	ok	alt_mem_if/altera_mem_if_qseq/ptr_mgr_100/sequencer_ptr_mgr_hw.tcl
0.670	253632	96	ok	pgm/altera_arria10_chip_id/altera_arria10_chip_id_hw.tcl
0.670	253632	82	ok	sopc_builder_ip/altera_nios_custom_instr_interrupt_vector_qsys/interrupt_vector_qsys_hw.tcl
0.670	253632	35	ok	soft_processor/intel_niosv_common/hwtcl/hwtcl_documentation.tcl
0.670	253632	259	ok	altera_pcie/altera_pcie_cv_hip_ast/altera_pcie_cv_hip_ast_hw.tcl
0.670	253632	247	ok	merlin/altera_customins_slave_translator/altera_customins_slave_translator_hw.tcl
0.670	253632	203	ok	sopc_builder_ip/altera_avalon_packets_to_master/altera_avalon_packets_to_master_hw.tcl
0.670	253632	142	ok	sopc_builder_ip/verification/altera_avalon_mm_memory/altera_avalon_mm_memory_hw.tcl
0.670	253632	139	ok	sld/core/endpoint_wrappers/altera_debug_master_endpoint_tieoff_hw.tcl
0.670	253632	113	ok	merlin/altera_reset_translator/altera_reset_translator_hw.tcl
0.670	246196	110	ok	alt_xcvr/alt_xcvr_ip_lib/alt_xcvr_atx_tester/alt_xcvr_atx_tester_hw.tcl
0.670	229028	232	ok	alt_mem_if/ed_comps/board_delay_models/altera_ddr2_board_delay_model/altera_ddr2_board_delay_model_hw.tcl
0.670	229028	153	ok	alt_mem_if/altera_mem_if_qseq/altera_mem_if_sequencer_rst/altera_mem_if_sequencer_rst_hw.tcl
0.670	227272	68	ok	alt_xcvr/alt_xcvr_core/nf/tcl/nf_hssi_fifo_tx_pcs_rbc.tcl
0.670	202864	353	ok	alt_mem_if/bridges/altera_mem_if_simple_avalon_mm_bridge/altera_mem_if_simple_avalon_mm_bridge_hw.tcl
0.670	202864	203	ok	alt_mem_if/ed_comps/board_delay_models/altera_lpddr2_board_delay_model/altera_lpddr2_board_delay_model_hw.tcl
0.670	2010844	88	ok	emif/ip_ecc/ip_top/main.tcl
0.670	2010844	71	ok	emif/ip_top/board.tcl
0.670	2010844	58	ok	emif/ip_ecc/ip_core_nd/enum_defs.tcl
0.670	2010844	54	ok	altera_dp/hw_demo/mst_sv/build_ip.tcl
0.670	2010844	53	ok	alt_xcvr/altera_xcvr_native_phy/altera_xcvr_native_s10/design_example_rules/common_rules/parameter_rules/rule_freq_check_par.tcl
0.670	2010844	50	ok	emif/ip_sig_splitter/altera_emif_sig_splitter_hw.tcl
0.670	2010844	36	ok	alt_xcvr/altera_xcvr_native_phy/dx_altera_xcvr_native_a10/design_example_rules/common_rules/rule_reset_sync_par.tcl
0.670	2010844	33	ok	vip/ip_library/full_ip/alt_vip_cl_stream_cleaner/alt_vip_cl_stream_cleaner_sw.tcl
0.670	2010844	30	ok	alt_xcvr/altera_xcvr_10gbase_kr/arria10/altera_xcvr_10gkr_a10/tcl/altera_xcvr_10gkr_a10_hw.tcl
0.670	2010844	259	ok	alt_xcvr/altera_xcvr_pll/altera_xcvr_cdr_pll_s10/tcl/fileset.tcl
0.670	2010844	208	ok	alt_xcvr/alt_xcvr_tcl_packages/system_console/alt_xcvr_reconfig_mif.tcl
0.670	2010844	197	ok	sld/core/endpoint_wrappers/altera_avalon_st_debug_host_endpoint_hw.tcl
0.670	2010844	153	ok	altera_nios_custom_instr_floating_point_2/altera_nios_custom_instr_floating_point_2_combi/fpoint2_combi_qsys_hw.tcl
0.670	2010844	126	ok	alt_xcvr/alt_xcvr_tcl_packages/ip_tcl/file_utils.tcl
0.670	1942428	73	ok	emif/ip_top/diag/qdr2.tcl
0.670	1942428	44	ok	emif/ip_arch_nd/qdrx.tcl
0.670	1942428	277	ok	megafunctions/lpm_counter/lpm_counter_hw.tcl
0.670	1942428	273	ok	ethernet/ethernet_ucore/altera_eth_pause_controller_and_generator/altera_eth_pause_ctrl_gen_hw.tcl
0.670	1942428	210	ok	altera_voltage_sensor/sample_store/altera_voltage_sensor_sample_store_hw.tcl
0.670	1942428	187	ok	altera_xcvr_8g_custom/xcvr_generic/altera_xcvr_custom_phy_hw.tcl
0.670	1942428	150	ok	merlin/altera_merlin_mins_network_generator/altera_merlin_st_pass_through_hw.tcl
0.670	1942428	132	ok	pgm/altera_crcerror_verify/altera_crcerror_verify2/crcerror_verify_pin_assignments.tcl
0.670	1942428	124	ok	sopc_builder_ip/verification/altera_avalon_clock_source/altera_avalon_clock_source_hw.tcl
0.670	1942428	112	ok	sopc_builder_ip/altera_avalon_st_idle_inserter/altera_avalon_st_idle_inserter_hw.tcl
0.670	175168	196	ok	alt_mem_if/alt_mem_if_afi_drivers/alt_mem_if_rldram3_afi_driver/alt_mem_if_rldram3_afi_driver_hw.tcl
0.670	175168	150	ok	alt_mem_if/alt_mem_if_phys/alt_mem_if_ddr3_phy_core/constraints/acv/memphy_timing.tcl
0.670	153460	188	ok	alt_mem_if/alt_mem_if_mem_models/alt_mem_if_rldramii_mem_model/alt_mem_if_rldramii_mem_model_hw.tcl
0.670	152144	248	ok	alt_mem_if/alt_mem_if_controllers/alt_mem_if_nextgen_ddr3_controller/alt_mem_if_nextgen_ddr3_controller_hw.tcl
0.670	144340	57	ok	alt_interlaken/design_examples/alt_interlaken_4lane_3g/setup_proj.tcl
0.669	717340	74	ok	soft_processor/intel_niosv_common/hwtcl/hwtcl_globals.tcl
0.669	717340	65	ok	pgm/altera_asmi_parallel2/asmi_top/altera_asmi_parallel2_ui_settings.tcl
0.669	717340	65	ok	ethernet/altera_eth_2_5g_system/tb_phy/tb_run.tcl
0.669	717340	64	ok	emif/hwtcl/altera_emif/altera_emif_hw.tcl
0.669	717340	61	ok	hps/hard_peripheral_logical_view/sdmmc/sdmmc_hw.tcl
0.669	717340	52	ok	ethernet/altera_eth_10g_design_example/altera_eth_10g_mac_xaui/setup_SIVGX230C2ES.tcl
0.669	717340	48	ok	ethernet/alt_em10g32/example_design/LL10G_1G_10G_LINESIDE_1588v2/hwtesting/system_console/tod/tod_inc.tcl
0.669	717340	36	ok	merlin/lib/composed_publishing.tcl
0.669	717340	309	ok	dsp/altera_fir_compiler_ii/src/create_top.tcl
0.669	717340	265	ok	ethernet/ethernet_ucore/altera_eth_gmii_ptp_inserter/altera_eth_gmii_ptp_inserter_hw.tcl
0.669	717340	253	ok	altera_trace/altera_trace_hw.tcl
0.669	717340	243	ok	gx_debug/altera_avalon_data_pattern_generator/altera_avalon_data_pattern_generator_hw.tcl
0.669	717340	220	ok	sld/trace/monitors/av_st_video_pixel_grabber/altera_trace_av_st_video_pixel_grabber_monitor_hw.tcl
0.669	717340	215	ok	sld/st/altera_streaming_sld_hub_controller/altera_streaming_sld_hub_controller_core_hw.tcl
0.669	717340	18	ok	hps/hard_peripheral_logical_view/axi_sdram/axi_sdram_hw.tcl
0.669	717340	177	ok	sdi_ii/sdi_ii_ed_vid_pattgen/sdi_ii_ed_vid_pattgen_hw.tcl
0.669	717340	175	ok	ethernet/ethernet_ucore/altera_eth_pfc_pause_conversion/altera_eth_pfc_pause_conversion_hw.tcl
0.669	717340	172	ok	soft_processor/intel_niosv_common/intel_niosv_dbg_mod_hw.tcl
0.669	717340	162	ok	altera_xcvr_det_latency/xcvr_generic/altera_xcvr_det_latency_hw.tcl
0.669	717340	143	ok	altera_phylite/ip_addr_cmd/main.tcl
0.669	717340	103	ok	merlin/altera_clock_bridge/altera_clock_bridge_hw.tcl
0.669	388580	77	ok	alt_xcvr/altera_xcvr_native_phy/altera_xcvr_native_s10/design_example_rules/rule_basic_enhanced_pcs/rule_basic_enhanced_pcs_tb.tcl
0.669	341924	213	ok	alt_mem_if/altera_mem_if_afi_muxes/altera_mem_if_ddr2_afi_splitter/altera_mem_if_ddr2_afi_splitter_hw.tcl
0.669	253632	50	ok	altera_pcie/altera_pcie_s10_hip_avmm_bridge/altera_pcie_s10_hip_avmm_bridge_module.tcl
0.669	253632	41	ok	seriallite_iii/example/ed_sim/scripts/gen_ed_sim.tcl
0.669	253632	381	ok	altera_pcie/altera_pcie_sriov_dma_avmm/altpcie_256_sriov_dma_avmm_hw.tcl
0.669	253632	225	ok	altera_pcie/altera_pcie_avmm/altera_pcie_internal_reset_controller_qsys_hw.tcl
0.669	253632	128	ok	sdi_ii/sdi_ii_example_design/composed_ed/sdi_ii_example_design_hw.tcl
0.669	246196	25	ok	alt_xcvr/altera_xcvr_pll/av/tcl/altera_xcvr_pll_av_hw.tcl
0.669	229028	319	ok	alt_mem_if/altera_mem_if_qseq/rw_mgr_110/rw_manager_rldram_hw.tcl
0.669	229028	308	ok	alt_mem_if/alt_mem_if_tcl_packages/gui/ddrii_sram_controller.tcl
0.669	229028	201	ok	alt_mem_if/alt_mem_if_tcl_packages/gui/uniphy_debug.tcl
0.669	2010844	89	ok	alt_xcvr/alt_xcvr_ip_lib/alt_xcvr_12_bus_split/alt_xcvr_12_bus_split_hw.tcl
0.669	2010844	82	ok	emif/ip_top/diag/lpddr3.tcl
0.669	2010844	60	ok	sopc_builder_ip/altera_avalon_sgdma/altera_avalon_sgdma_sw.tcl
0.669	2010844	60	ok	altera_phylite/ip_arch_nf/altera_phylite_arch_nf_hw.tcl
0.669	2010844	268	ok	vip/ip_library/component_ip/processing/alt_vip_gamma_corrector_alg_core/alt_vip_gamma_corrector_alg_core_hw.tcl
0.669	2010844	23	ok	ethernet/alt_em10g32/example_design/LL10G_1G_10G_LINESIDE_1588v2/hwtesting/system_console/fifo/fifo_inc.tcl
0.669	2010844	226	ok	alt_xcvr/altera_xcvr_native_phy/altera_xcvr_native_s10/tcl/interface_data.tcl
0.669	2010844	219	ok	ethernet/ethernet_ucore/altera_eth_10gmem_statistics_collector/altera_eth_10gmem_statistics_collector_hw.tcl
0.669	2010844	212	ok	alt_xcvr/altera_xcvr_pll/altera_xcvr_atx_pll_s10/tcl/parameter_data.tcl
0.669	2010844	198	ok	altera_pcie/altera_pcie_hip_ast_ed/altera_pcie_reconfig_driver_hw.tcl
0.669	2010844	194	ok	altera_vectored_interrupt_controller/vector/altera_vic_vector_hw.tcl
0.669	2010844	193	ok	ethernet/ethernet_ucore/altera_eth_adapters/altera_eth_rs_demux/altera_eth_rs_demux_hw.tcl
0.669	2010844	173	ok	sld/trace/monitors/altera_trace_adc_monitor/altera_trace_adc_monitor_hw.tcl
0.669	2010844	167	ok	altera_dp/hw_demo/mst_av_sk_4k/altera_avalon_i2c/oc_i2c_master_hw.tcl
0.669	2010844	16	ok	vip/verification/example_constrained_random/run.tcl
0.669	2010844	147	ok	alt_xcvr/altera_xcvr_pll/altera_xcvr_cdr_pll_vi/tcl/fileset.tcl
0.669	2010844	132	ok	alt_xcvr/altera_xcvr_native_phy/altera_xcvr_native_s10/design_example_rules/rule_basic_standard_pcs/rule_basic_standard_pcs.tcl
0.669	2010844	125	ok	sopc_builder_ip/verification/altera_avalon_clock_reset_source/altera_avalon_clock_reset_source_hw.tcl
0.669	2010844	107	ok	emif/util/ctrl_expert.tcl
0.669	2010844	104	ok	alt_xcvr/altera_xcvr_native_phy/altera_xcvr_native_s10/design_example_rules/common_rules/native_phy_connection_expansion_callbacks.tcl
0.669	1942428	98	ok	altera_xcvr_det_latency/soft_pcs/altera_xcvr_dl_soft_pcs_common.tcl
0.669	1942428	95	ok	soft_processor/intel_niosv_c/intel_niosv_c_hw.tcl
0.669	1942428	93	ok	university_program/communication/altera_up_avalon_irda/altera_up_avalon_irda_sw.tcl
0.669	1942428	93	ok	university_program/audio_video/video/altera_up_avalon_video_dma_controller/altera_up_avalon_video_dma_controller_sw.tcl
0.669	1942428	93	ok	merlin/lib/terp_runner.tcl
0.669	1942428	78	ok	hps/hard_peripheral_logical_view/hps_virt_clk/hps_virt_clk_hw.tcl
0.669	1942428	78	ok	emif/ip_arch_nf/arch_expert_exports.tcl
0.669	1942428	60	ok	ethernet/alt_eth_ultra/example_project/hwtest/altera/optical_module/cfp_control_inc.tcl
0.669	1942428	56	ok	emif/ip_board_delay_model/altera_emif_board_delay_model_hw.tcl
0.669	1942428	33	ok	vip/ip_library/full_ip/alt_vip_cl_dil/alt_vip_cl_dil_sw.tcl
0.669	1942428	271	ok	pgm/altera_asmi_parallel2/qspi_cmd_generator/altera_asmi2_cmd_generator_hw.tcl
0.669	1942428	27	ok	soft_processor/intel_niosv_c/intel_niosv_c_callbacks.tcl
0.669	1942428	249	ok	sld/core/endpoint_wrappers/altera_config_slave_endpoint_bridge_hw.tcl
0.669	1942428	240	ok	sopc_builder_ip/altera_avalon_sld2mm/altera_avalon_sld2mm_hw.tcl
0.669	1942428	185	ok	mentor_vip_ae/axi4stream/bfm/mgc_axi4stream_master_hw.tcl
0.669	1942428	17	ok	alt_xcvr/altera_xcvr_native_phy/cv/pkgIndex.tcl
0.669	1942428	161	ok	ltpi/tcl/ltpi_parameters.tcl
0.669	1942428	148	ok	hps/hard_peripheral_logical_view/arm_gic/arm_gic_hw.tcl
0.669	1942428	115	ok	sopc_builder_ip/altera_nios_custom_instr_floating_point_qsys/fpoint_qsys_hw.tcl
0.669	1942428	106	ok	altera_iopll/common/altera_iopll_mif.tcl
0.669	1942428	103	ok	emif/ip_top/ctrl/qdr2.tcl
0.669	180756	203	ok	alt_mem_if/altera_core_noise_generator/top/altera_core_noise_generator_hw.tcl
0.669	180756	120	ok	alt_mem_if/alt_mem_if_tcl_packages/gui/common_rldram_controller_phy.tcl
0.669	180756	111	ok	alt_mem_if/alt_mem_if_tcl_packages/gui/factory.tcl
0.669	175168	238	ok	alt_mem_if/alt_mem_if_controllers/alt_mem_if_nextgen_ddr2_controller/alt_mem_if_nextgen_ddr2_controller_hw.tcl
0.669	175168	149	ok	alt_mem_if/alt_mem_if_phys/alt_mem_if_ddr2_phy_core/constraints/sv/memphy_timing.tcl
0.669	171984	37	ok	alt_mem_if/alt_mem_if_tcl_packages/civ_emif/ip_top/exports.tcl
0.669	171004	146	ok	alt_mem_if/alt_mem_if_phys/alt_mem_if_rldramii_phy_core/constraints/memphy_timing.tcl
0.669	171004	130	ok	alt_mem_if/alt_mem_if_phys/alt_mem_if_qdrii_phy_core/constraints/acv/memphy_timing.tcl
0.669	162904	113	ok	alt_mem_if/alt_mem_if_tcl_packages/civ_emif/ip_top/ex_design/make_qii_design.tcl
0.669	155472	292	ok	alt_mem_if/alt_mem_if_phys/alt_mem_if_civ_ddr2_phy/constraints/memphy_pin_assignments.tcl
0.669	155472	150	ok	alt_mem_if/alt_mem_if_phys/alt_mem_if_ddr3_phy_core/constraints/sv/memphy_timing.tcl
0.669	155472	135	ok	alt_mem_if/alt_mem_if_phys/alt_mem_if_ddr3_phy_core/constraints/m10/memphy_timing.tcl
0.669	152144	374	ok	alt_mem_if/alt_mem_if_controllers/alt_mem_if_nextgen_ddr_controller_110/rtl/alt_mem_ddrx_mm_st_converter/alt_mem_ddrx_mm_st_converter_hw.tcl
0.668	717340	49	ok	hps/hard_peripheral_logical_view/dw_apb_timer_sp/dw_apb_timer_sp_hw.tcl
0.668	717340	310	ok	ethernet/ethernet_ucore/altera_eth_xgmii_tsu/altera_eth_xgmii_tsu_hw.tcl
0.668	717340	202	ok	ethernet/ethernet_ucore/altera_eth_mdio/altera_eth_mdio_hw.tcl
0.668	717340	141	ok	ethernet/alt_em10g32/example_design/LL10G_LINESIDE_1588v2/hwtesting/system_console/phy/phy_ip_reg_map.tcl
0.668	388580	50	ok	altera_hdmi/hw_demo/arria_10/script/build_ip.tcl
0.668	253632	63	ok	pgm/generic_qspi_controller2/altera_generic_quad_spi_controller2_sw.tcl
0.668	253632	53	ok	sopc_builder_ip/altera_avalon_uart/altera_avalon_uart_lwhal_sw.tcl
0.668	253632	468	ok	altera_pcie/altera_pcie_sriov_dma_desc_ctl/altera_pcie_sriov_dma_desc_ctl_hw.tcl
0.668	253632	284	ok	sdi_ii/sdi_ii_library/sdi_ii_tx_protocol/sdi_ii_tx_protocol_hw.tcl
0.668	253632	228	ok	sdi_ii/sdi_ii_ed_reconfig_router/sdi_ii_ed_reconfig_router_hw.tcl
0.668	253632	190	ok	altera_pcie/altera_pcie_sriov/hw_devkit/top.tcl
0.668	246196	146	ok	alt_xcvr/alt_xcvr_ip_lib/alt_xcvr_bus_concat/alt_xcvr_bus_concat_hw.tcl
0.668	202864	48	ok	alt_xcvr/alt_xcvr_core/nf/tcl/nf_hssi_fifo_tx_pcs_simple.tcl
0.668	202864	197	ok	alt_mem_if/bridges/seq_mux_bridges/altera_mem_if_lpddr_seq_mux_bridge/altera_mem_if_lpddr_seq_mux_bridge_hw.tcl
0.668	2010844	93	ok	university_program/input_output/altera_up_avalon_parallel_port/altera_up_avalon_parallel_port_sw.tcl
0.668	2010844	69	ok	common/hw_tcl_packages/quartus_qcl_pll.tcl
0.668	2010844	63	ok	alt_xcvr/altera_xcvr_native_phy/altera_xcvr_native_s10/design_example_rules/common_rules/connection_rules/rule_rst_ctrl_and_native_con.tcl
0.668	2010844	62	ok	ethernet/alt_em10g32/example_design/LL10G_LINESIDE_1588v2/simulation/ed_sim/mentor/tb_run.tcl
0.668	2010844	58	ok	ethernet/tse_ucores/altera_eth_tse_testbench/generate_sim_verilog.tcl
0.668	2010844	57	ok	sopc_builder_ip/altera_avalon_performance_counter/altera_avalon_performance_counter_sw.tcl
0.668	2010844	57	ok	ethernet/altera_eth_tse_design_example/tse_ieee1588_a10/testbench/tb_run.tcl
0.668	2010844	50	ok	alt_xcvr/altera_xcvr_10gbase_kr/stratix10/altera_xcvr_10gkr_s10/tcl/module.tcl
0.668	2010844	47	ok	ethernet/alt_em10g32/example_design/LL10G_1G_2_5G_1588v2/hwtesting/system_console/tod/tod_inc.tcl
0.668	2010844	46	ok	alt_xcvr/altera_xcvr_native_phy/dx_altera_xcvr_native_a10/design_example_rules/main_rule.tcl
0.668	2010844	45	ok	ethernet/alt_e2550/hwtcl/srf_tools.tcl
0.668	2010844	44	ok	hps/util/quartus_locations_query.tcl
0.668	2010844	37	ok	altera_sl3/ed/top/altera_sl3_ed_top_hw.tcl
0.668	2010844	337	ok	ethernet/ethernet_ucore/altera_eth_packet_formatter/altera_eth_packet_formatter_hw.tcl
0.668	2010844	299	ok	merlin/altera_conduit_pin_divider/altera_conduit_pin_divider_hw.tcl
0.668	2010844	285	ok	megafunctions/lpm_divide/lpm_divide_hw.tcl
0.668	2010844	256	ok	altera_pcie/altera_pcie_target_sriov_ed/altera_pcie_sriov_target_app_hw.tcl
0.668	2010844	25	ok	ethernet/alt_eth_ultra/hwtcl/alt_eth_ultra_40_hw.tcl
0.668	2010844	241	ok	ethernet/tse_ucores/altera_eth_tse_altgxb/altera_eth_tse_altgxb_hw.tcl
0.668	2010844	229	ok	megafunctions/fifo/csv_ui_loader.tcl
0.668	2010844	22	ok	ethernet/alt_em10g32/example_design/LL10G_1G_2_5G_10G/hwtesting/system_console/phy/phy_ip_reg_map.tcl
0.668	2010844	196	ok	altera_temp_sense/altera_temp_sense_hw.tcl
0.668	2010844	19	ok	ethernet/alt_e2550/example_project/hwtest/altera/sval_top/main.tcl
0.668	2010844	185	ok	native_mac/twentynm_mac_native_hw/twentynm_mac_native_hw.tcl
0.668	2010844	180	ok	ethernet/ethernet_ucore/altera_eth_pause_beat_conversion/altera_eth_pause_beat_conversion_hw.tcl
0.668	2010844	180	ok	altera_voltage_sensor/control/altera_voltage_sensor_control_hw.tcl
0.668	2010844	177	ok	alt_xcvr/altera_xcvr_pll/altera_xcvr_cdr_pll_s10/tcl/parameter_data.tcl
0.668	2010844	174	ok	altera_xcvr_8g_custom/sv/sv_xcvr_custom_hw.tcl
0.668	2010844	155	ok	altera_xcvr_att_custom/sv/sv_xcvr_att_custom_hw.tcl
0.668	1942428	93	ok	university_program/input_output/altera_up_avalon_accelerometer_spi/altera_up_avalon_accelerometer_spi_sw.tcl
0.668	1942428	72	ok	altera_xcvr_generic/av/av_xcvr_native_fileset.tcl
0.668	1942428	69	ok	sopc_builder_ip/altera_avalon_fifo/altera_avalon_fifo_sw.tcl
0.668	1942428	60	ok	ethernet/altera_eth_10g_design_example/altera_eth_10g_mac_xaui/testbench/tb_run.tcl
0.668	1942428	57	ok	hps/hard_peripheral_logical_view/dma/dma_hw.tcl
0.668	1942428	38	ok	ethernet/alt_em10g32/example_design/LL10G_LINESIDE/hwtesting/system_console/traffic_controller/avalonstloopback/avalon_st_loopback_inc.tcl
0.668	1942428	269	ok	ethernet/ethernet_ucore/altera_eth_packet_overflow_control/altera_eth_packet_overflow_control_hw.tcl
0.668	1942428	259	ok	sopc_builder_ip/altera_i2cslave_to_avlmm_bridge/altera_i2cslave_to_avlmm_bridge_hw.tcl
0.668	1942428	219	ok	sld/trace/core/altera_trace_transacto_lite/altera_trace_transacto_lite_hw.tcl
0.668	180756	194	ok	alt_pma/source/altera_xcvr_low_latency_phy/altera_xcvr_low_latency_phy_hw.tcl
0.668	175168	361	ok	alt_mem_if/alt_mem_if_controllers/altera_mem_if_hps_memory_controller/altera_mem_if_hps_common_memory_controller.tcl
0.668	144796	54	ok	alt_mem_if/alt_mem_if_controllers/alt_mem_if_civ_ddr2_controller/alt_mem_if_civ_ddr2_controller_hw.tcl
0.667	717340	68	ok	ethernet/alt_em10g32/example_design/LL10G_1G_2_5G_1588v2/hwtesting/system_console/test_parameter/parameter.tcl
0.667	717340	48	ok	ethernet/alt_em10g32/example_design/LL10G_LINESIDE/hwtesting/system_console/tod/tod_inc.tcl
0.667	717340	35	ok	ethernet/alt_em10g32/example_design/LL10G_1G_2_5G_1588v2/hwtesting/system_console/traffic_controller/mon/mon_reg_map.tcl
0.667	717340	286	ok	sdi_ii/sdi_ii_tb_rx_checker/sdi_ii_tb_rx_checker_hw.tcl
0.667	717340	282	ok	audio_ip/clocked_audio_input/clocked_audio_input_hw.tcl
0.667	717340	226	ok	sopc_builder_ip/altera_avalon_performance_counter/altera_avalon_performance_counter_hw.tcl
0.667	341924	161	ok	alt_mem_if/ed_comps/temp_sensor_top/altera_mem_if_temp_sensor_hw.tcl
0.667	253632	265	ok	merlin/altera_tristate_conduit_pin_sharer/altera_tristate_conduit_pin_sharer_hw.tcl
0.667	229028	198	ok	alt_mem_if/ed_comps/board_delay_models/altera_rldram3_board_delay_model/altera_rldram3_board_delay_model_hw.tcl
0.667	202864	161	ok	alt_mem_if/ed_comps/temp_sensor_core/alt_mem_if_temp_sensor_core_hw.tcl
0.667	2010844	85	ok	hps/hard_peripheral_logical_view/clkmgr/clkmgr_hw.tcl
0.667	2010844	77	ok	ethernet/alt_em10g32/example_design/LL10G_10GBASER/hwtesting/system_console/config.tcl
0.667	2010844	76	ok	ethernet/tse_ucores/altera_eth_tse_conduit_fanout/altera_eth_tse_conduit_fanout_hw.tcl
0.667	2010844	71	ok	gx_debug/conduit_splitter/conduit_splitter_hw.tcl
0.667	2010844	69	ok	sopc_builder_ip/altera_avalon_timer/altera_avalon_timer_sw.tcl
0.667	2010844	69	ok	ethernet/alt_em10g32/example_design/LL10G_LINESIDE/hwtesting/system_console/channel_setting.tcl
0.667	2010844	69	ok	ethernet/alt_em10g32/example_design/LL10G_1G_10G_LINESIDE/hwtesting/system_console/channel_setting.tcl
0.667	2010844	61	ok	ethernet/alt_em10g32/example_design/LL10G_1G_2_5G_1588v2/simulation/ed_sim/mentor/tb_run.tcl
0.667	2010844	52	ok	ltpi/tcl/ltpi_module.tcl
0.667	2010844	486	ok	sopc_builder_ip/altera_avalon_altpll/altera_avalon_altpll_hw.tcl
0.667	2010844	48	ok	soft_processor/intel_niosv_c/intel_niosv_c_hal_sw.tcl
0.667	2010844	45	ok	altera_phylite/ip_top/exports.tcl
0.667	2010844	44	ok	sopc_builder_ip/altera_avalon_sysid/altera_avalon_sysid_sw.tcl
0.667	2010844	41	ok	sopc_builder_ip/altera_avalon_data_sink/data_sink_sw.tcl
0.667	2010844	41	ok	ethernet/alt_em10g32/example_design/LL10G_1G_2_5G/hwtesting/system_console/basic/basic.tcl
0.667	2010844	389	ok	ethernet/ethernet_ucore/altera_eth_gmii_tsu/altera_eth_gmii_tsu_hw.tcl
0.667	2010844	38	ok	emif/util/qini.tcl
0.667	2010844	37	ok	ethernet/alt_eth_ultra/example_project/hwtest/altera/alt_aeu_40/eth_ultra_mac_inc.tcl
0.667	2010844	36	ok	soft_processor/aws_freertos/freertos_hal2_systemh_generation.tcl
0.667	2010844	36	ok	ethernet/altera_eth_10g_design_example/csr_scripts/config.tcl
0.667	2010844	356	ok	ethernet/ethernet_ucore/altera_eth_timestamp_aligner/altera_eth_timestamp_aligner_hw.tcl
0.667	2010844	333	ok	sld/trace/core/altera_trace_system/altera_trace_system_hw.tcl
0.667	2010844	324	ok	ethernet/ethernet_ucore/altera_eth_frame_status_merger/altera_eth_frame_status_merger_hw.tcl
0.667	2010844	323	ok	iconnect/alt_hiconnect_handshake_clock_crosser/alt_hiconnect_handshake_clock_crosser_hw.tcl
0.667	2010844	31	ok	ethernet/alt_em10g32/example_design/LL10G_1G_2_5G_10G/hwtesting/system_console/test_functions.tcl
0.667	2010844	298	ok	sld/usb/altera_usb_debug_fifos/altera_usb_debug_fifos_hw.tcl
0.667	2010844	254	ok	gx_debug/altera_avalon_data_pattern_checker/altera_avalon_data_pattern_checker_hw.tcl
0.667	2010844	238	ok	ethernet/altera_eth_10g_design_example/design_example_components/altera_eth_loopback/altera_eth_loopback_hw.tcl
0.667	2010844	23	ok	ethernet/alt_em10g32/example_design/LL10G_LINESIDE_1588v2/hwtesting/system_console/fifo/fifo_inc.tcl
0.667	2010844	227	ok	pgm/intel_generic_serial_flash_interface/intel_generic_serial_flash_interface_addr/intel_generic_serial_flash_interface_addr_hw.tcl
0.667	2010844	224	ok	sdi_ii/sdi_ii_library/sdi_ii_tx_phy_mgmt/sdi_ii_tx_phy_mgmt_hw.tcl
0.667	2010844	216	ok	sdi_ii/sdi_ii_ed_reconfig_a10/sdi_ii_ed_reconfig_a10_hw.tcl
0.667	2010844	21	ok	ethernet/alt_em10g32/example_design/LL10G_LINESIDE_1588v2/hwtesting/system_console/tod/tod_reg_map.tcl
0.667	2010844	197	ok	sld/core/endpoint_wrappers/altera_trace_monitor_endpoint_hw.tcl
0.667	2010844	181	ok	sld/mm/alt_jtagavalon_wrapper/alt_jtagavalon_hw.tcl
0.667	2010844	181	ok	sdi_ii/sdi_ii_tb/sdi_ii_tb_hw.tcl
0.667	2010844	166	ok	sld/core/endpoint_wrappers/altera_sld_agent_endpoint_bridge_hw.tcl
0.667	2010844	163	ok	ethernet/ethernet_ucore/altera_eth_link_fault_detection/altera_eth_link_fault_detection_hw.tcl
0.667	2010844	159	ok	merlin/altera_tristate_conduit_bridge/altera_tristate_conduit_bridge_hw.tcl
0.667	2010844	153	ok	sld/core/endpoint_wrappers/altera_debug_master_endpoint_bridge_hw.tcl
0.667	2010844	149	ok	ethernet/ethernet_ucore/altera_eth_avst2gmii_converter/altera_eth_avst2gmii_converter_hw.tcl
0.667	2010844	124	ok	sld/jtag/altera_soft_core_jtag_io/altera_soft_core_jtag_io_hw.tcl
0.667	2010844	112	ok	hps/altera_hps/clocks.tcl
0.667	1942428	197	ok	ethernet/tse_ucores/altera_eth_tse_avalon_arbiter/altera_eth_tse_avalon_arbiter_hw.tcl
0.667	1942428	192	ok	sld/trace/monitors/altera_avst_throughput_monitor/altera_avst_throughput_monitor_hw.tcl
0.667	1942428	167	ok	ethernet/ethernet_ucore/altera_eth_link_fault_generation/altera_eth_link_fault_generation_hw.tcl
0.667	1942428	161	ok	ethernet/ethernet_ucore/altera_eth_default_slave/altera_eth_default_slave_hw.tcl
0.667	1942428	13	ok	seriallite_iii/example/ed_sim/scripts/wave.tcl
0.667	175168	146	ok	alt_mem_if/alt_mem_if_phys/alt_mem_if_rldram3_phy_core/constraints/sv/memphy_timing.tcl
0.667	152144	58	ok	alt_interlaken/design_examples/alt_interlaken_20lane_6g/setup_proj.tcl
0.667	152144	142	ok	alt_interlaken/alt_ntrlkn_oob/alt_ntrlkn_oob_tx/alt_ntrlkn_oob_tx_hw.tcl
0.666	717340	90	ok	megafunctions/altclkctrl/clearbox.tcl
0.666	717340	89	ok	common/hw_tcl_packages/quartus_advanced_hssi_legality.tcl
0.666	717340	87	ok	sopc_builder_ip/altera_nios_custom_instr_bitswap_qsys/bitswap_qsys_hw.tcl
0.666	717340	70	ok	hps/hard_peripheral_logical_view/stmmac/stmmac_hw.tcl
0.666	717340	70	ok	ethernet/alt_em10g32/example_design/LL10G_1G_2_5G/hwtesting/system_console/rcfg/mge_rcfg_inc.tcl
0.666	717340	69	ok	ltpi/design_example_rules/main_rule.tcl
0.666	717340	65	ok	generic_qspi_controller/altera_generic_quad_spi_controller_sw.tcl
0.666	717340	63	ok	soft_processor/intel_niosv_g/intel_niosv_g_freertos_sw.tcl
0.666	717340	47	ok	hps/hard_peripheral_logical_view/l3regs/l3regs_hw.tcl
0.666	717340	297	ok	altera_vectored_interrupt_controller/csr/altera_vic_csr_hw.tcl
0.666	717340	293	ok	ethernet/alt_em10g32/example_design/LL10G_LINESIDE_1588v2/hwtesting/system_console/mac/10g_mac_reg_map.tcl
0.666	717340	272	ok	ethernet/ethernet_ucore/altera_eth_pad_inserter/altera_eth_pad_inserter_hw.tcl
0.666	717340	26	ok	seriallite_iii/example/top/seriallite_iii_ed_top_hw.tcl
0.666	717340	240	ok	university_program/clocks/altera_up_avalon_audio_pll/altera_up_avalon_audio_pll_hw.tcl
0.666	717340	218	ok	sld/mm/altera_transacto_fabric/altera_transacto_fabric_hw.tcl
0.666	717340	212	ok	sld/trace/monitors/altera_trace_trigger_monitor/altera_trace_trigger_monitor_hw.tcl
0.666	717340	211	ok	intel_fpga_mii2rmii/intel_fpga_mii2rmii_hw.tcl
0.666	717340	204	ok	sld/core/endpoint_wrappers/altera_trace_monitor_endpoint_bridge_hw.tcl
0.666	717340	192	ok	rs_ii/altera_rs_ii/altera_rs_ii_hw.tcl
0.666	717340	182	ok	sld/trace/monitors/altera_avalon_monitor_and_gatherer/altera_avalon_monitor_and_gatherer_hw.tcl
0.666	717340	169	ok	sld/usb/altera_usb_debug_master/altera_usb_debug_master_hw.tcl
0.666	717340	165	ok	ethernet/altera_eth_10g_design_example/design_example_components/base_kr/configure_reconfig_hw.tcl
0.666	717340	161	ok	ethernet/alt_em10g32/example_design/LL10G_LINESIDE/hwtesting/system_console/traffic_controller/traffic_controller.tcl
0.666	717340	16	ok	sld/core/altera_super_splitter/altera_super_splitter_hw.tcl
0.666	717340	159	ok	sld/jtag/altera_logic_analyzer_interface_agent/altera_logic_analyzer_interface_agent_hw.tcl
0.666	717340	149	ok	merlin/altera_customins_xconnect/altera_customins_xconnect_hw.tcl
0.666	717340	141	ok	ethernet/alt_em10g32/example_design/LL10G_1G_10G_LINESIDE_1588v2/hwtesting/system_console/phy/phy_ip_reg_map.tcl
0.666	717340	118	ok	merlin/altera_irq_clock_crosser/altera_irq_clock_crosser_hw.tcl
0.666	388580	78	ok	alt_xcvr/altera_xcvr_native_phy/cv/tcl/fileset.tcl
0.666	388580	140	ok	alt_xcvr/alt_xcvr_ip_lib/alt_xcvr_basic_custom_tester/alt_xcvr_basic_custom_tester_hw.tcl
0.666	341924	257	ok	alt_mem_if/altera_core_noise_generator/altera_core_noise_generator_core/altera_core_noise_generator_core_hw.tcl
0.666	253632	52	ok	soft_processor/intel_niosv_common/hwtcl/hwtcl_add_parameters_deprecated.tcl
0.666	253632	45	ok	soft_processor/aws_freertos/freertos_callbacks.tcl
0.666	253632	356	ok	sld/trace/monitors/altera_trace_adc_monitor/altera_trace_adc_monitor_core_hw.tcl
0.666	253632	250	ok	sld/trace/monitors/altera_trace_av_st_example_monitor/altera_trace_av_st_monitor_hw.tcl
0.666	253632	239	ok	sopc_builder_ip/altera_jtag_avalon_master/altera_jtag_avalon_master_hw.tcl
0.666	253632	226	ok	rs_ii/src/rs_ucores/dec/altera_rs_ser_search/altera_rs_ser_search_hw.tcl
0.666	253632	225	ok	sdi_ii/sdi_ii_ed_loopback/sdi_ii_ed_loopback_hw.tcl
0.666	253632	223	ok	sld/trace/monitors/altera_trace_video_tap_bridge/altera_trace_video_tap_bridge_hw.tcl
0.666	253632	199	ok	sld/core/endpoint_wrappers/altera_trace_controller_endpoint_hw.tcl
0.666	253632	150	ok	merlin/altera_irq_bridge/altera_irq_bridge_hw.tcl
0.666	253632	137	ok	sopc_builder_ip/verification/altera_avalon_reset_source/altera_avalon_reset_source_hw.tcl
0.666	253632	135	ok	sld/mm/altera_connection_identification_rom_wrapper/altera_connection_identification_rom_wrapper_hw.tcl
0.666	253632	123	ok	altera_pcie/altera_pcie_avmm/example_designs/s4gx_gen1x8/s4gx_gen1x8_qsys_top.tcl
0.666	253632	100	ok	soft_processor/intel_niosv_c/intel_niosv_c_unit_hw.tcl
0.666	227272	58	ok	alt_xcvr/alt_xcvr_core/nf/tcl/nf_hssi_common_pld_pcs_interface_simple.tcl
0.666	202864	254	ok	alt_mem_if/altera_avalon_mm_efficiency_monitor/top/altera_core_em_pc_hw.tcl
0.666	202864	232	ok	alt_mem_if/altera_mem_if_qseq/trk_mgr_110/sequencer_trk_mgr_hw.tcl
0.666	202864	225	ok	alt_mem_if/altera_avalon_mm_traffic_generator/top/altera_avalon_mm_traffic_generator_hw.tcl
0.666	202864	118	ok	alt_xcvr/alt_xcvr_core/nf/tcl/nf_cdr_pll_parameters.tcl
0.666	202864	106	ok	alt_xcvr/alt_xcvr_core/nf/tcl/nf_hssi_gen3_tx_pcs_simple.tcl
0.666	2010844	79	ok	altera_pcie/altera_pcie_s10_ed/example_design/altpcied_qii.tcl
0.666	2010844	69	ok	sopc_builder_ip/altera_avalon_spi/altera_avalon_spi_sw.tcl
0.666	2010844	66	ok	dsp/altera_fir_compiler_ii/src/gen_param.tcl
0.666	2010844	66	ok	altera_phylite/ip_agent/altera_phylite_agent_hw.tcl
0.666	2010844	50	ok	alt_xcvr/altera_xcvr_cal/altera_xcvr_cal_a10/tcl/module.tcl
0.666	2010844	33	ok	altera_pcie/altera_pcie_s10_hip_avmm_bridge/altera_pcie_s10_hip_avmm_bridge_hw.tcl
0.666	2010844	30	ok	alt_xcvr/altera_xcvr_native_phy/altera_xcvr_native_s10/timing/nativephy_ip_parameters.tcl
0.666	2010844	26	ok	alt_xcvr/altera_xcvr_native_phy/dx_altera_xcvr_native_a10/design_example_rules/rule_basic_standard_pcs/rule_basic_standard_pcs.tcl
0.666	2010844	23	ok	alt_xcvr/altera_xcvr_10gbase_kr/com_design_ex/enhanced_bundle/elab.tcl
0.666	2010844	170	ok	altera_pll/source/top/pll_rbc.tcl
0.666	2010844	17	ok	alt_xcvr/altera_xcvr_native_phy/av/pkgIndex.tcl
0.666	2010844	16	ok	alt_xcvr/altera_xcvr_10gbase_kr/stratix10/altera_xcvr_10gkr_s10/tcl/altera_xcvr_10gkr_s10.stop_file.tcl
0.666	2010844	149	ok	altera_phylite/ip_top/ex_design/make_sim_design.tcl
0.666	2010844	132	ok	altera_pcie/altera_pcie_hip_256_avmm/channelizer/PCIe_Channelizer_hw.tcl
0.666	2010844	123	ok	altera_trace/altera_trace_wrapper_hw.tcl
0.666	1942428	69	ok	hps/hard_peripheral_logical_view/snps_uart/snps_uart_hw.tcl
0.666	1942428	66	ok	hps/altera_hps_io/altera_hps_io_hw.tcl
0.666	1942428	619	ok	ethernet/altera_eth_tse/altera_eth_tse_common_constants.tcl
0.666	1942428	57	ok	hps/hard_peripheral_logical_view/fpgamgr/fpgamgr_hw.tcl
0.666	1942428	56	ok	soft_processor/intel_niosv_common/hwtcl/hwtcl_parameter_upgrade.tcl
0.666	1942428	56	ok	emif/ip_arch_nf/enum_defs_hps.tcl
0.666	1942428	50	ok	ethernet/altera_eth_10g_design_example/altera_eth_10g_mac_base_r_sv/testbench/tb_run_sv.tcl
0.666	1942428	383	ok	sld/mm/altera_mm_debug_link/altera_mm_debug_link_hw.tcl
0.666	1942428	34	ok	emif/ip_mem_model/ip_core_rld3/util.tcl
0.666	1942428	34	ok	emif/ip_mem_model/ip_core_lpddr3/util.tcl
0.666	1942428	314	ok	altera_vectored_interrupt_controller/top/altera_vic_hw.tcl
0.666	1942428	27	ok	soft_processor/intel_niosv_m/intel_niosv_m_callbacks.tcl
0.666	1942428	236	ok	sld/core/endpoint_wrappers/altera_avalon_st_debug_agent_endpoint_hw.tcl
0.666	1942428	236	ok	ethernet/ethernet_ucore/altera_eth_xgmii_ptp_inserter/altera_eth_xgmii_ptp_inserter_hw.tcl
0.666	1942428	230	ok	iconnect/alt_hiconnect_apb_trans/alt_hiconnect_apb_trans_hw.tcl
0.666	1942428	229	ok	megafunctions/ram_1port/csv_ui_loader.tcl
0.666	1942428	208	ok	sopc_builder_ip/altera_avalon_round_robin_scheduler/altera_avalon_round_robin_scheduler_hw.tcl
0.666	1942428	197	ok	sopc_builder_ip/altera_avalon_altpll_reconfig/altera_avalon_altpll_reconfig_hw.tcl
0.666	1942428	191	ok	emif/ip_col_if/main.tcl
0.666	1942428	174	ok	emif/ip_top/compat.tcl
0.666	1942428	16	ok	vip/verification/example_video_files/run.tcl
0.666	1942428	158	ok	emif/ip_mem_model/ip_core_rld2/main.tcl
0.666	1942428	118	ok	sld/core/altera_sld_hub_controller_system/altera_sld_hub_controller_system_hw.tcl
0.666	1942428	115	ok	soft_processor/intel_niosv_common/hwtcl/hwtcl_unit_fileset.tcl
0.666	180756	17	ok	alt_mem_if/altera_mem_if_qseq/altera_mem_if_hhp_qseq/altera_mem_if_hhp_lpddr2_qseq_hw.tcl
0.666	175168	156	ok	alt_mem_if/alt_mem_if_phys/alt_mem_if_ddr3_phy_core/constraints/memphy_timing.tcl
0.666	175168	154	ok	alt_mem_if/alt_mem_if_phys/alt_mem_if_lpddr2_phy_core/constraints/acv/memphy_timing.tcl
0.666	171984	78	ok	alt_mem_if/alt_mem_if_tcl_packages/civ_emif/ip_top/ex_design/make_qsys.tcl
0.666	171984	129	ok	alt_mem_if/alt_mem_if_phys/alt_mem_if_qdrii_phy_core/constraints/memphy_timing.tcl
0.666	171004	200	ok	alt_mem_if/alt_mem_if_tcl_packages/civ_emif/ip_top/ed_synth/traffic_gen.tcl
0.666	162904	155	ok	alt_mem_if/alt_mem_if_tcl_packages/civ_emif/ip_top/ed_sim/mem_model.tcl
0.666	152716	105	ok	alt_mem_if/alt_mem_if_example_design_components/altera_mem_if_sideband_terminator/altera_mem_if_sideband_terminator_hw.tcl
0.666	144796	211	ok	alt_interlaken/altera_interlaken_hsio_bank/altera_interlaken_hsio_bank_bpcs_3g/alt_ntrlkn_hsio_bank_bpcs_3g_hw.tcl
0.636	2010844	50	ok	alt_xcvr/altera_xcvr_pll/cv/tcl/module.tcl
0.632	2010844	156	ok	altera_fault_injection/altera_fault_injection_hw.tcl
0.626	253632	64	ok	emif/hwtcl/altera_emif_s10_hps/altera_emif_s10_hps_hw.tcl
0.626	253632	14	ok	ethernet/alt_eth_ultra/example_project/hwtest/altera/optical_module/main.tcl
0.624	717340	48	ok	hps/hard_peripheral_logical_view/wd_timer/wd_timer_hw.tcl
0.623	717340	62	ok	dsp/altera_bch/bch_dec/parameter_generate.tcl
0.623	253632	35	ok	ethernet/alt_em10g32/example_design/LL10G_LINESIDE/hwtesting/system_console/traffic_controller/mon/mon_reg_map.tcl
0.623	2010844	26	ok	alt_xcvr/altera_xcvr_pll/avgz/tcl/altera_xcvr_pll_avgz_hw.tcl
0.623	136200	108	ok	alt_eth_40g_100g/alt_e40_e100/module.tcl
0.622	388580	48	ok	altera_hps/altera_hps_arria_10/device_tree_generation/timer_hw.tcl
0.622	2010844	69	ok	alt_xcvr/altera_xcvr_pll/sv/tcl/interfaces.tcl
0.622	2010844	21	ok	ethernet/alt_em10g32/example_design/LL10G_1G_2_5G/hwtesting/system_console/rcfg/mge_rcfg_reg_map.tcl
0.621	717340	60	ok	altera_phylite/ip_arch_nd/arch_expert_exports.tcl
0.621	388580	34	ok	alt_xcvr/altera_xcvr_pll/altera_xcvr_atx_pll_s10/tcl/altera_xcvr_atx_pll_s10_hw.tcl
0.621	253632	71	ok	soft_processor/intel_niosv_c/intel_niosv_c_def.tcl
0.621	253632	157	ok	merlin/altera_reset_bridge/altera_reset_bridge_hw.tcl
0.621	2010844	33	ok	ethernet/alt_e2550/example_project/hwtest/common/report.tcl
0.621	2010844	29	ok	ethernet/alt_em10g32/example_design/LL10G_10GBASER/hwtesting/system_console/reconfig_conf.tcl
0.621	2010844	29	ok	emif/ip_arch_nd/timing/memphy_ip_parameters.tcl
0.621	2010844	23	ok	ethernet/alt_em10g32/example_design/LL10G_1G_10G_LINESIDE/hwtesting/system_console/fifo/fifo_inc.tcl
0.621	155472	133	ok	alt_mem_if/alt_mem_if_phys/alt_mem_if_lpddr2_phy_core/constraints/m10/memphy_timing.tcl
0.620	717340	58	ok	ethernet/alt_em10g32/example_design/LL10G_1G_2_5G_10G/hwtesting/system_console/system_base_addr_map.tcl
0.620	717340	50	ok	ethernet/alt_em10g32/example_design/LL10G_1G_2_5G/hwtesting/system_console/traffic_controller/gen/gen_reg_map.tcl
0.620	717340	166	ok	sld/mm/altera_mm_debug_link/altera_mm_debug_link_addr_fixer_hw.tcl
0.620	717340	13	ok	altera_sl3/ed/ed_sim/scripts/wave.tcl
0.620	388580	76	ok	alt_xcvr/altera_xcvr_native_phy/altera_xcvr_native_s10/design_example_rules/rule_pcs_direct/rule_pcs_direct_tb.tcl
0.620	388580	17	ok	alt_xcvr/altera_xcvr_10gbase_kr/altera_xcvr_10gbase_kr/pkgIndex.tcl
0.620	253632	30	ok	soft_processor/intel_niosv_g/intel_niosv_g_callbacks.tcl
0.620	253632	199	ok	sld/usb/altera_usb_debug_link/altera_usb_debug_link_internal_hw.tcl
0.620	253632	185	ok	mentor_vip_ae/axi4stream/bfm/mgc_axi4stream_slave_hw.tcl
0.620	2010844	66	ok	altera_phylite/ip_cfg_ctrl/altera_phylite_cfg_ctrl_hw.tcl
0.620	2010844	66	ok	alt_xcvr/altera_xcvr_pll/av/tcl/interfaces.tcl
0.620	2010844	37	ok	ethernet/altera_eth_10g_design_example/altera_eth_10g_mac_base_r_sv/setup_proj_sv.tcl
0.620	2010844	34	ok	altera_pcie/altera_pcie_s10_hip_ast/altera_pcie_s10_hip_ast_hw.tcl
0.620	2010844	227	ok	altera_dp/hw_demo/av_sk_4k/assignments.tcl
0.620	1942428	51	ok	emif/ip_ctrl/ip_rld3/enum_defs.tcl
0.620	1942428	46	ok	dsp/altera_cic_ii/src/tcl_libs/altera_cic_ii_helper.tcl
0.620	1942428	44	ok	altera_sl3/ed/ed_synth/scripts/gen_quartus_synth.tcl
0.620	1942428	34	ok	emif/ip_tg_avl_2/util.tcl
0.620	1942428	234	ok	sld/trace/monitors/altera_avst_tmon_mlab/altera_tmon_mlab_hw.tcl
0.620	1942428	197	ok	sld/usb/altera_usb_debug_link/altera_usb_debug_link_hw.tcl
0.620	1942428	163	ok	sdi_ii/sdi_ii_ed_reconfig_mgmt/sdi_ii_ed_reconfig_mgmt_hw.tcl
0.620	171984	45	ok	alt_mem_if/alt_mem_if_example_designs/alt_mem_if_civ_ddr2_tg_ed/alt_mem_if_civ_ddr2_tg_ed_hw.tcl
0.620	144340	59	ok	alt_interlaken/design_examples/alt_interlaken_12lane_10g/setup_proj.tcl
0.619	717340	29	ok	ethernet/alt_em10g32/example_design/LL10G_LINESIDE_1588v2/simulation/ed_sim/cadence/ncsim_wave.tcl
0.619	717340	145	ok	sld/trace/core/altera_trace_rom/altera_trace_rom_hw.tcl
0.619	388580	50	ok	alt_xcvr/altera_xcvr_10gbase_kr/arria10/altera_xcvr_10gkr_a10/tcl/module.tcl
0.619	253632	94	ok	sld/trace/core/altera_avalon_st_null_sink/altera_avalon_st_null_sink_hw.tcl
0.619	253632	33	ok	ethernet/alt_em10g32/example_design/LL10G_1G_2_5G_10G/hwtesting/system_console/traffic_controller/avalonstloopback/avalon_st_loopback_inc.tcl
0.619	253632	289	ok	altera_pcie/altera_pcie_s10_ed/example_design/s10-revd-devkit-pinout-qsys-script.tcl
0.619	229028	17	ok	alt_mem_if/altera_mem_if_qseq/altera_mem_if_hhp_qseq/altera_mem_if_hhp_ddr3_qseq_hw.tcl
0.619	2010844	75	ok	altera_pcie_pipe/cv/cv_xcvr_pipe_common.tcl
0.619	2010844	60	ok	hps/hard_peripheral_logical_view/qspi/qspi_hw.tcl
0.619	2010844	47	ok	alt_xcvr/altera_xcvr_native_phy/av/tcl/module.tcl
0.619	2010844	39	ok	altera_dp/hw_demo/av_sk_4k/runall.tcl
0.619	2010844	30	ok	alt_xcvr/altera_xcvr_10gbase_kr/altera_xcvr_10gbase_kr/tcl/altera_xcvr_10gbase_kr_hw.tcl
0.619	2010844	201	ok	mentor_vip_ae/axi4stream/bfm/mgc_axi4stream_inline_monitor_hw.tcl
0.619	2010844	135	ok	altera_10gbaser_phy/altera_10gbaser_phy/altera_xcvr_10gbaser_hw.tcl
0.619	1942428	47	ok	seriallite_iii/src/seriallite_iii_sv_hw.tcl
0.619	1942428	34	ok	emif/ip_tg_avl/util.tcl
0.619	1942428	33	ok	vip/ip_library/full_ip/alt_vip_cl_cvi/alt_vip_cl_cvi_sw.tcl
0.619	1942428	25	ok	ethernet/alt_eth_ultra/hwtcl/alt_eth_ultra_hw.tcl
0.619	175168	148	ok	alt_mem_if/alt_mem_if_example_design_components/altera_avalon_mm_traffic_generator_coordinator/altera_avalon_mm_traffic_generator_coordinator_hw.tcl
0.619	171984	146	ok	alt_mem_if/alt_mem_if_phys/alt_mem_if_rldramii_phy_core/constraints/sv/memphy_timing.tcl
0.619	171984	146	ok	alt_mem_if/alt_mem_if_phys/alt_mem_if_rldramii_phy_core/constraints/acv/memphy_timing.tcl
0.619	155472	162	ok	alt_mem_if/alt_mem_if_example_design_components/pof_avalon_mm_mmr_driver/pof_avalon_mm_mmr_driver_hw.tcl
0.619	155472	147	ok	alt_mem_if/alt_mem_if_phys/alt_mem_if_lpddr_phy_core/constraints/sv/memphy_timing.tcl
0.619	152144	57	ok	alt_interlaken/design_examples/alt_interlaken_8lane_6g/setup_proj.tcl
0.619	152144	31	ok	alt_eth_40g_100g/alt_e40_e100/pkgIndex.tcl
0.619	135136	39	ok	alt_eth_40g_100g/alt_e40_e100/alt_e40_e100_hw.tcl
0.618	717340	41	ok	ethernet/altera_eth_10g_design_example/altera_eth_10g_mac_base_r_sv/setup_5SGXEA7N2F40C2ES.tcl
0.618	717340	27	ok	ethernet/alt_em10g32/example_design/LL10G_1G_2_5G/hwtesting/system_console/test_parameter/parameter.tcl
0.618	253632	112	ok	sopc_builder_ip/altera_avalon_st_idle_remover/altera_avalon_st_idle_remover_hw.tcl
0.618	229028	138	ok	alt_mem_if/alt_mem_if_tcl_packages/gui/diagnostics.tcl
0.618	2010844	65	ok	ethernet/altera_eth_2_5g_system/tb_system/tb_run.tcl
0.618	2010844	61	ok	ethernet/alt_em10g32/example_design/LL10G_1G_2_5G_10G/simulation/ed_sim/mentor/tb_run.tcl
0.618	2010844	52	ok	emif/ip_arch_nf/altera_emif_arch_nf_hw.tcl
0.618	2010844	51	ok	altera_dp/de_gen/arria_10/script/build_ip.tcl
0.618	2010844	47	ok	alt_xcvr/altera_xcvr_native_phy/avgz/tcl/module.tcl
0.618	2010844	40	ok	ethernet/alt_em10g32/example_design/LL10G_1G_10G_LINESIDE/hwtesting/system_console/traffic_controller/gen/gen_reg_map.tcl
0.618	2010844	36	ok	ethernet/altera_eth_10g_design_example/altera_eth_10g_mac_xaui/setup_proj.tcl
0.618	2010844	35	ok	alt_xcvr/altera_xcvr_pll/altera_xcvr_fpll_vi/tcl/altera_xcvr_fpll_a10_hw.tcl
0.618	1942428	92	ok	university_program/audio_video/video/altera_up_avalon_video_rgb_resampler/altera_up_avalon_video_rgb_resampler_sw.tcl
0.618	1942428	58	ok	emif/ip_arch_nf/rldx.tcl
0.618	1942428	49	ok	hps/hard_peripheral_logical_view/timer/timer_hw.tcl
0.618	1942428	49	ok	emif/ip_ctrl/ip_qdr2/enum_defs.tcl
0.618	1942428	48	ok	soft_processor/intel_niosv_g/intel_niosv_g_hal_sw.tcl
0.618	1942428	41	ok	ethernet/altera_eth_10g_design_example/altera_eth_10g_mac_base_r/setup_EP4S100G2F40I1.tcl
0.618	1942428	35	ok	vip/ip_library/full_ip/alt_vip_cl_mixer/alt_vip_cl_mixer_sw.tcl
0.618	1942428	33	ok	ethernet/alt_eth_ultra/example_project/hwtest/common/report.tcl
0.618	1942428	157	ok	sld/core/endpoint_wrappers/altera_debug_master_endpoint_hw.tcl
0.618	175168	150	ok	alt_mem_if/alt_mem_if_phys/alt_mem_if_lpddr2_phy_core/constraints/sv/memphy_timing.tcl
0.618	155472	104	ok	alt_mem_if/alt_mem_if_example_design_components/alt_mem_if_hcx_rom_reconfig_gen/alt_mem_if_hcx_rom_reconfig_gen_hw.tcl
0.617	717340	47	ok	seriallite_iii/example/ed_sim/scripts/run_tb_top.tcl
0.617	717340	141	ok	ethernet/alt_em10g32/example_design/LL10G_LINESIDE/hwtesting/system_console/phy/phy_ip_reg_map.tcl
0.617	253632	66	ok	altera_pcie/altera_pcie_avmm/altera_pcie_internal_hard_ip_test.tcl
0.617	2010844	69	ok	ethernet/alt_em10g32/example_design/LL10G_LINESIDE_1588v2/hwtesting/system_console/system_base_addr_map.tcl
0.617	2010844	69	ok	ethernet/alt_em10g32/example_design/LL10G_1G_10G_LINESIDE_1588v2/hwtesting/system_console/system_base_addr_map.tcl
0.617	2010844	62	ok	ethernet/alt_em10g32/example_design/LL10G_1G_10G_LINESIDE_1588v2/simulation/ed_sim/mentor/tb_run.tcl
0.617	2010844	62	ok	ethernet/alt_em10g32/example_design/LL10G_10GBASER_RegMode/simulation/ed_sim/mentor/tb_run.tcl
0.617	2010844	61	ok	ethernet/alt_em10g32/example_design/LL10G_10G_USXGMII/simulation/ed_sim/mentor/tb_run.tcl
0.617	2010844	58	ok	hps/hard_peripheral_logical_view/sysmgr/sysmgr_hw.tcl
0.617	2010844	58	ok	alt_xcvr/alt_xcvr_tcl_packages/de_tcl/DE_TCL_CONSTANTS.tcl
0.617	2010844	56	ok	hps/hard_peripheral_logical_view/dw_gpio/dw_gpio_hw.tcl
0.617	2010844	50	ok	ethernet/alt_em10g32/example_design/LL10G_LINESIDE_1588v2/hwtesting/system_console/traffic_controller/gen/gen_reg_map.tcl
0.617	2010844	50	ok	ethernet/alt_em10g32/example_design/LL10G_1G_10G_LINESIDE_1588v2/hwtesting/system_console/traffic_controller/gen/gen_reg_map.tcl
0.617	2010844	48	ok	soft_processor/intel_niosv_m/intel_niosv_m_hal_sw.tcl
0.617	2010844	47	ok	seriallite_iii/src/seriallite_iii_a10_hw.tcl
0.617	2010844	47	ok	hps/hard_peripheral_logical_view/sdrctl/sdrctl_hw.tcl
0.617	2010844	46	ok	ethernet/alt_em10g32/example_design/LL10G_LINESIDE/hwtesting/system_console/system_base_addr_map.tcl
0.617	2010844	46	ok	ethernet/alt_em10g32/example_design/LL10G_1G_10G_LINESIDE/hwtesting/system_console/system_base_addr_map.tcl
0.617	2010844	40	ok	ethernet/alt_em10g32/example_design/LL10G_LINESIDE/hwtesting/system_console/traffic_controller/gen/gen_reg_map.tcl
0.617	2010844	37	ok	ethernet/altera_eth_10g_design_example/altera_eth_10g_mac_xaui_sv/setup_proj_sv.tcl
0.617	2010844	33	ok	ethernet/alt_em10g32/example_design/LL10G_1G_2_5G/hwtesting/system_console/traffic_controller/avalonstloopback/avalon_st_loopback_inc.tcl
0.617	2010844	23	ok	ethernet/alt_em10g32/example_design/LL10G_LINESIDE/hwtesting/system_console/fifo/fifo_inc.tcl
0.617	2010844	226	ok	sld/trace/monitors/altera_avst_throughput_monitor/altera_avalon_throughput_monitor_hw.tcl
0.617	2010844	22	ok	ethernet/alt_e2550/hwtcl/alt_e2550_hw.tcl
0.617	2010844	212	ok	sld/trace/monitors/altera_avst_tmon_mlab/altera_tap_xlate_hw.tcl
0.617	2010844	21	ok	ethernet/alt_em10g32/example_design/LL10G_LINESIDE/hwtesting/system_console/tod/tod_reg_map.tcl
0.617	2010844	21	ok	ethernet/alt_em10g32/example_design/LL10G_1G_10G_LINESIDE_1588v2/hwtesting/system_console/tod/tod_reg_map.tcl
0.617	2010844	21	ok	ethernet/alt_em10g32/example_design/LL10G_1G_10G_LINESIDE/hwtesting/system_console/tod/tod_reg_map.tcl
0.617	2010844	185	ok	sopc_builder_ip/altera_avalon_st_bytes_to_packets/altera_avalon_st_bytes_to_packets_hw.tcl
0.617	2010844	176	ok	pgm/altera_asmi_parallel2_top/altera_asmi_parallel2_top_hw.tcl
0.617	2010844	15	ok	ethernet/alt_eth_ultra/example_project/hwtest/common/main.tcl
0.617	2010844	148	ok	seriallite_iii/example/example_design/demo_control/master_export_hw.tcl
0.617	2010844	131	ok	sld/st/altera_streaming_sld_hub_controller/altera_streaming_sld_hub_controller_hw.tcl
0.617	2010844	131	ok	sld/mm/altera_mm_debug_link/altera_mm_debug_link_constant_hw.tcl
0.617	2010844	130	ok	sld/trace/core/altera_trace_channel_mapper/altera_trace_channel_mapper_hw.tcl
0.617	2010844	122	ok	sdi_ii/sdi_ii_tb_tx_checker/sdi_ii_tb_tx_checker_hw.tcl
0.617	2010844	113	ok	ethernet/alt_eth_ultra/hwtcl/module.tcl
0.617	2010844	108	ok	hps/util/constants.tcl
0.617	1942428	109	ok	sld/core/endpoint_wrappers/altera_sld_host_endpoint_bridge_hw.tcl
0.617	175168	46	ok	alt_mem_if/alt_mem_if_example_designs/alt_mem_if_civ_ddr2_tg_eds/alt_mem_if_civ_ddr2_tg_eds_hw.tcl
0.616	717340	74	ok	common/hw_tcl_packages/quartus_device.tcl
0.616	717340	52	ok	emif/ip_arch_nd/altera_emif_arch_nd_hw.tcl
0.616	717340	39	ok	ethernet/altera_eth_10g_design_example/altera_eth_10g_mac_xaui_sv/setup_5SGXEA7N2F40C2ES.tcl
0.616	717340	35	ok	ethernet/alt_em10g32/example_design/LL10G_1G_2_5G_10G/hwtesting/system_console/traffic_controller/mon/mon_reg_map.tcl
0.616	717340	245	ok	ethernet/ethernet_ucore/altera_eth_xgmii_crc/altera_eth_xgmii_crc_hw.tcl
0.616	717340	18	ok	ethernet/alt_em10g32/example_design/LL10G_1G_2_5G_10G/hwtesting/system_console/traffic_controller/avalonstloopback/avalon_st_loopback_reg_map.tcl
0.616	717340	171	ok	ltpi/tcl/ltpi_interfaces.tcl
0.616	717340	16	ok	ethernet/alt_eth_ultra/example_project/hwtest/altera/alt_aeu_40/main.tcl
0.616	717340	146	ok	ethernet/tse_ucores/altera_eth_tse_channel_adapter/altera_eth_tse_channel_adapter_hw.tcl
0.616	717340	140	ok	sld/core/altera_mgmt_reset/altera_mgmt_reset_hw.tcl
0.616	717340	122	ok	merlin/altera_sync_reset_shift_register/altera_sync_reset_shift_register_hw.tcl
0.616	717340	107	ok	ethernet/altera_eth_10g_design_example/design_example_components/altera_eth_fifo_pause_ctrl_adapter/altera_eth_fifo_pause_ctrl_adapter_hw.tcl
0.616	717340	104	ok	sld/core/endpoint_wrappers/altera_instrumentation_mirror_endpoint_hw.tcl
0.616	388580	98	ok	alt_xcvr/alt_xcvr_ip_lib/alt_xcvr_ext_loopback/alt_xcvr_ext_loopback_hw.tcl
0.616	388580	84	ok	alt_xcvr/alt_xcvr_ip_lib/alt_xcvr_if_terminator/alt_xcvr_if_terminator_hw.tcl
0.616	388580	109	ok	alt_xcvr/alt_xcvr_ip_lib/alt_xcvr_x1x2_if_adapter/alt_xcvr_x1x2_if_adapter_hw.tcl
0.616	388580	100	ok	alt_xcvr/alt_xcvr_ip_lib/alt_xcvr_reset_sync/alt_xcvr_reset_sync_hw.tcl
0.616	341924	17	ok	alt_mem_if/altera_mem_if_qseq/altera_mem_if_hhp_qseq/altera_mem_if_hhp_ddr2_qseq_hw.tcl
0.616	341924	134	ok	alt_mem_if/altera_mem_if_pll_bridge/altera_mem_if_pll_bridge_hw.tcl
0.616	341924	110	ok	alt_mem_if/alt_mem_if_tcl_packages/gui/uniphy_controller_phy.tcl
0.616	253632	79	ok	altera_pcie/altera_pcie_hip_ast_ed/example_design/altpcied_qii.tcl
0.616	253632	52	ok	soft_processor/intel_niosv_common/hwtcl/hwtcl_validate.tcl
0.616	253632	50	ok	altera_pcie/altera_pcie_s10_hip_ast/altera_pcie_s10_hip_ast_module.tcl
0.616	253632	157	ok	sld/jtag/altera_jtag_debug_link/altera_jtag_debug_link_hw.tcl
0.616	253632	140	ok	sld/mm/altera_mm_mgmt_wrapper/altera_mm_mgmt_wrapper_hw.tcl
0.616	253632	134	ok	sld/st/altera_mm_debug_link_datawidth_matcher/altera_mm_debug_link_datawidth_matcher_hw.tcl
0.616	246196	58	ok	altera_hdmi/hw_demo/sv_hdmi2/build_ip.tcl
0.616	229028	49	ok	alt_mem_if/bridges/alt_mem_if_civ_ddr2_status_bridge/alt_mem_if_civ_ddr2_status_bridge_hw.tcl
0.616	229028	110	ok	alt_mem_if/hhp/altera_mem_if_clk_rst_source/altera_mem_if_clk_rst_source_hw.tcl
0.616	227272	67	ok	alt_xcvr/alt_xcvr_core/nf/tcl/nf_mcgb_parameters.tcl
0.616	202864	40	ok	alt_mem_if/alt_mem_if_tcl_packages/util/profiling.tcl
0.616	202864	116	ok	alt_mem_if/alt_mem_if_tcl_packages/gui/uniphy_oct.tcl
0.616	2010844	84	ok	alt_xcvr/altera_xcvr_reset_control_s10/tcl/fileset.tcl
0.616	2010844	83	ok	sopc_builder_ip/altera_nios_custom_instr_endian_converter_qsys/converter_qsys_hw.tcl
0.616	2010844	66	ok	ethernet/alt_em10g32/example_design/LL10G_LINESIDE_1588v2/hwtesting/system_console/external_phy/bcm/bcm_phy_reg_map.tcl
0.616	2010844	66	ok	altera_phylite/ip_sim_ctrl/altera_phylite_sim_ctrl_hw.tcl
0.616	2010844	55	ok	hps/hard_peripheral_logical_view/designware_i2c/designware_i2c_hw.tcl
0.616	2010844	54	ok	alt_xcvr/altera_xcvr_pll/altera_xcvr_fpll_s10/tcl/module.tcl
0.616	2010844	48	ok	ethernet/alt_em10g32/example_design/LL10G_10GBASER/hwtesting/system_console/gen_conf.tcl
0.616	2010844	44	ok	emif/ip_arch_nd/rldx.tcl
0.616	2010844	33	ok	alt_xcvr/altera_xcvr_pll/altera_xcvr_atx_pll_vi/tcl/altera_xcvr_atx_pll_a10_hw.tcl
0.616	2010844	31	ok	alt_xcvr/altera_xcvr_reset_control/tcl/altera_xcvr_reset_control_hw.tcl
0.616	2010844	278	ok	iconnect/alt_hiconnect_addr_mangler/alt_hiconnect_addr_mangler_hw.tcl
0.616	2010844	27	ok	ethernet/alt_em10g32/example_design/LL10G_10GBASER_RegMode/hwtesting/system_console/monitor_conf.tcl
0.616	2010844	27	ok	ethernet/alt_em10g32/example_design/LL10G_10GBASER_RegMode/hwtesting/system_console/disable_loopback_conf.tcl
0.616	2010844	235	ok	alt_xcvr/altera_xcvr_reset_control/tcl/parameters.tcl
0.616	2010844	18	ok	alt_xcvr/altera_xcvr_pll/altera_xcvr_fpll_s10/pkgIndex.tcl
0.616	2010844	167	ok	altera_dp/hw_demo/sv/altera_avalon_i2c/oc_i2c_master_hw.tcl
0.616	1942428	61	ok	ethernet/altera_eth_10g_design_example/altera_eth_10g_mac_xaui_sv/testbench/tb_run_sv.tcl
0.616	1942428	56	ok	hps/hard_peripheral_logical_view/rstmgr/rstmgr_hw.tcl
0.616	1942428	49	ok	emif/ip_ctrl/ip_qdr4/enum_defs.tcl
0.616	1942428	46	ok	merlin/altera_mm_interconnect/altera_mm_interconnect_hw.tcl
0.616	1942428	41	ok	altera_sl3/ed/ed_sim/scripts/gen_ed_sim.tcl
0.616	1942428	32	ok	dsp/altera_fir_compiler_ii/src/gen_sdc.tcl
0.616	1942428	29	ok	emif/ip_arch_nf/timing/memphy_ip_parameters.tcl
0.616	1942428	226	ok	sld/mm/altera_avalon_transacto/altera_avalon_transacto_hw.tcl
0.616	1942428	198	ok	sld/trace/monitors/altera_trace_printf_monitor/altera_trace_printf_monitor_hw.tcl
0.616	1942428	197	ok	altera_vid/tcl/altera_vid_hw.tcl
0.616	1942428	194	ok	sld/trace/monitors/altera_trace_adc_monitor/altera_trace_adc_monitor_wa_hw.tcl
0.616	1942428	177	ok	sld/jtag/altera_virtual_jtag/altera_virtual_jtag_hw.tcl
0.616	1942428	121	ok	sld/st/altera_avalon_st_tee/altera_avalon_st_tee_hw.tcl
0.616	1942428	106	ok	sld/trace/core/altera_avalon_st_channel_stripper/altera_avalon_st_channel_stripper_hw.tcl
0.616	180756	135	ok	alt_xcvr/alt_xcvr_core/nf/pkgIndex.tcl
0.616	175168	147	ok	alt_mem_if/alt_mem_if_phys/alt_mem_if_lpddr_phy_core/constraints/acv/memphy_timing.tcl
0.616	175168	133	ok	alt_mem_if/alt_mem_if_phys/alt_mem_if_ddr2_phy_core/constraints/m10/memphy_timing.tcl
0.616	171984	25	ok	alt_mem_if/alt_mem_if_tcl_packages/civ_emif/ip_top/ed_sim/sim_checker.tcl
0.616	171984	17	ok	alt_mem_if/alt_mem_if_controllers/altera_mem_if_hps_memory_controller/altera_mem_if_hps_lpddr2_memory_controller_hw.tcl
0.616	171984	122	ok	alt_mem_if/alt_mem_if_example_design_components/alt_mem_if_rld_user_refresh_gen/user_refresh_gen_hw.tcl
0.616	155472	17	ok	alt_mem_if/alt_mem_if_controllers/altera_mem_if_hps_memory_controller/altera_mem_if_hps_ddr3_memory_controller_hw.tcl
0.616	155472	155	ok	alt_mem_if/alt_mem_if_phys/alt_mem_if_ddr2_phy_core/constraints/memphy_timing.tcl
0.616	155472	149	ok	alt_mem_if/alt_mem_if_phys/alt_mem_if_ddr2_phy_core/constraints/acv/memphy_timing.tcl
0.616	153460	49	ok	alt_mem_if/alt_mem_if_phys/alt_mem_if_civ_ddr2_phy/alt_mem_if_civ_ddr2_phy_hw.tcl
0.616	144796	17	ok	alt_mem_if/alt_mem_if_controllers/altera_mem_if_hps_memory_controller/altera_mem_if_hps_ddr2_memory_controller_hw.tcl
0.572	153460	67	ok	alt_mem_if/alt_mem_if_interfaces/alt_mem_if_civ_ddr2_emif/alt_mem_if_civ_ddr2_emif_hw.tcl
0.566	2010844	66	ok	ethernet/alt_em10g32/example_design/LL10G_1G_10G_LINESIDE_1588v2/hwtesting/system_console/external_phy/bcm/bcm_phy_reg_map.tcl
0.039	253632	31	ok	ethernet/alt_em10g32/example_design/LL10G_10G_USXGMII/altera_eth_top.qpf
0.037	144796	126	ok	alt_interlaken/alt_interlaken_sdc_files/alt_ntrlkn_10l_6g.sdc
0.036	717340	99	ok	ethernet/alt_e2550/example_project/common/device_pin_setting_board_SI_10AX115S4F45I3SGE2_Loop.qsf
0.036	253632	71	ok	ethernet/alt_em10g32/example_design/LL10G_1G_10G_LINESIDE/rtl/fifo_dcfifo/altera_avalon_dc_fifo.sdc
0.036	253632	24	ok	ethernet/altera_eth_10g_design_example/altera_eth_10g_mac_xaui_sv/top.sdc
0.036	246196	43	ok	alt_xcvr/altera_xcvr_10gbase_kr/arria10/cpu/kra10_debug_cpu/verilog/altera_reset_controller_231/altera_reset_controller.sdc
0.036	1942428	66	ok	alt_xcvr/altera_xcvr_10gbase_kr/arria10/cpu/kra10_debug_cpu/verilog/altera_nios2_gen2_unit_231/krip_altera_nios2_gen2_unit_231_jh5kjty.sdc
0.036	1942428	25	ok	ethernet/alt_em10g32/example_design/LL10G_10GBASER_RegMode/rtl/eth_traffic_controller/crc32/crc32.sdc
0.035	388580	15	ok	altera_pcie/altera_pcie_cv_hip_avmm/altera_pci_express.sdc
0.035	388580	119	ok	altera_dp/de_gen/arria_10/rtl/example.sdc
0.035	253632	32	ok	ethernet/altera_eth_10g_design_example/altera_eth_10g_mac_base_r_sv/top.sdc
0.035	253632	30	ok	ethernet/alt_em10g32/example_design/LL10G_LINESIDE/altera_eth_top.qpf
0.035	253632	110	ok	ethernet/alt_e2550/example_project/common/device_pin_setting_board_100G_5SGXEA7N2F45C2_CFP.qsf
0.034	388580	17	ok	altera_pcie/altera_pcie_avmm/example_designs/c4gx_gen1x4/c4gx_gen1x4_qsys_top.sdc
0.034	253632	37	ok	intel_fpga_mii2rmii/intel_fpga_mii2rmii.sdc
0.034	229028	17	ok	alt_mem_if/altera_core_noise_generator/altera_core_noise_generator_core/noise.sdc
0.034	2010844	264	ok	altera_hdmi/hw_demo/arria_10/rtl/sdc/jtag.sdc
0.033	717340	25	ok	ethernet/alt_em10g32/example_design/LL10G_10GBASER/rtl/eth_traffic_controller/crc32/crc32.sdc
0.033	717340	142	ok	espi_to_lpc_bridge/espi_to_lpc_bridge.sdc
0.033	388580	229	ok	altera_10gbaser_phy/sv_soft_pcs/alt_10gbaser_phy.sdc
0.033	253632	53	ok	ethernet/alt_em10g32/example_design/LL10G_10G_USXGMII/rtl/ethernet_traffic_controller/eth_traffic_controller_top.qip
0.033	253632	30	ok	ethernet/alt_eth_ultra/example_project/100g_a10/eth_ex_100g_a10.qpf
0.033	253632	25	ok	ethernet/alt_em10g32/example_design/LL10G_LINESIDE_1588v2/rtl/eth_traffic_controller/eth_std_traffic_controller/crc32/crc32.sdc
0.033	253632	15	ok	altera_pcie/altera_pcie_av_hip_avmm/altera_pci_express.sdc
0.033	246196	23	ok	altera_hdmi/hw_demo/arria_10/rtl/sdc/mr_reconfig_mgmt.sdc
0.033	246196	119	ok	altera_10gbaser_phy/soft_pcs/alt_10gbaser_phy.sdc
0.033	2010844	36	ok	altera_hmcc/a10_example_design/par/hmcc_example.sdc
0.033	2010844	134	ok	altera_hdmi/hw_demo/sv_hdmi2/reconfig_mgmt/mr.sdc
0.033	1942428	831	ok	altera_phylite/ip_arch_nd/timing/memphy.sdc
0.032	253632	98	ok	ethernet/alt_eth_ultra/example_project/common/device_pin_setting_board_SI_10AX115S4F45I3SG_Loop.qsf
0.032	253632	115	ok	audio_ip/example/s4gx_sdi_audio/S4gxSDI_AUDIO_TOP.sdc
0.032	246196	37	ok	altera_hmcc_mtaps/s10_example_design/par/hmcc_example.sdc
0.032	1942428	31	ok	ethernet/alt_em10g32/example_design/LL10G_10GBASER/altera_eth_top.qpf
0.028	717340	100	ok	ethernet/alt_e2550/hslx/alt_e2550_ptp_fifo_top.sdc
0.028	1942428	203	ok	ethernet/alt_em10g32/example_design/LL10G_1G_2_5G_10G/altera_eth_top.sdc
0.025	253632	63	ok	ethernet/alt_e2550/example_project/common/device_pin_setting_board_SI_10AX115S4F45I3SGE2_KR4.qsf
0.025	253632	43	ok	ethernet/alt_eth_ultra/40g_kr4_a10/cpu/kr4a10_debug_cpu_gen2/altera_reset_controller_231/altera_reset_controller.sdc
0.025	246196	70	ok	altera_dp/hw_demo/cv/cv_dp_demo.sdc
0.025	1942428	26	ok	altera_dp/hw_demo/common/clkrec/bitec_clkrec.qip
0.024	717340	148	ok	sdi_ii/sdi_ii_library/sdi_ii_rx_protocol/src_hdl/sdi_ii_rx_protocol.sdc
0.024	253632	24	ok	ethernet/alt_eth_ultra/example_project/common/common_timing_sv.sdc
0.024	253632	23	ok	audio_ip/clocked_audio_input/clocked_audio_input.sdc
0.024	2010844	261	ok	altera_iopll/top/altera_iopll.sdc
0.024	2010844	21	ok	altera_dp/src/altera_dp.sdc
0.024	1942428	72	ok	ethernet/alt_e2550/example_project/common/device_pin_setting_board_SI_10AX115S4F45I3SGE2_CFP2.qsf
0.024	1942428	4	ok	altdq_dqs2/example_design/pllex.qip
0.024	1942428	29	ok	altera_pcie/altera_pcie_hip_ast_ed/altpcied_sv.sdc
0.024	1942428	24	ok	ethernet/alt_e2550/example_project/common/common_timing_sv.sdc
0.024	1942428	2	ok	altera_dp/hw_demo/av_sk_4k/bitec_reconfig_alt_av.qip
0.024	1942428	17	ok	altera_pcie/altera_pcie_avmm/example_designs/s4gx_gen1x8/s4gx_gen1x8_qsys_top.sdc
0.024	1942428	165	ok	altera_hdmi/hw_demo/av_sk_hdmi2/hdmi_demo.sdc
0.023	717340	70	ok	ethernet/alt_e2550/example_project/common/device_pin_setting_board_SI_10AT115S2F45E2SG_CFP2.qsf
0.023	717340	4	ok	ethernet/alt_em10g32/example_design/LL10G_1G_10G_LINESIDE/rtl/probe/source.qip
0.023	388580	70	ok	altera_dp/hw_demo/sv/example.sdc
0.023	253632	53	ok	ethernet/alt_em10g32/example_design/LL10G_1G_2_5G_10G/rtl/ethernet_traffic_controller/eth_traffic_controller_top.qip
0.023	253632	42	ok	ethernet/alt_eth_ultra/example_project/40g/eth_40g_a10.sdc
0.023	253632	31	ok	ethernet/alt_em10g32/example_design/LL10G_LINESIDE_1588v2/rtl/reset_ctrl/altera_reset_controller.sdc
0.023	246196	213	ok	alt_xcvr/altera_xcvr_10gbase_kr/gige_pcs/kr_gige_pcs.sdc
0.023	1942428	19	ok	altera_hdmi/hw_demo/arria_10/rtl/sdc/mr_clock_sync.sdc
0.022	253632	4	ok	vip/ip_library/component_ip/processing/alt_vip_dil_low_angle_algorithm/src_hdl/alt_vip_dil_pixel_offset_rom.qip
0.022	253632	28	ok	gx_debug/altera_avalon_data_pattern_checker/altera_avalon_data_pattern_checker.sdc
0.022	2010844	139	ok	altera_hdmi/src/common/src_hdl/bitec_hdmi.sdc
0.021	253632	81	ok	megafunctions/fifo/dcfifo_mixed_widths.sdc
0.021	253632	116	ok	ethernet/alt_mge_phy/alt_mge_phy_xgmii_pcs.sdc
0.021	246196	97	ok	alt_xcvr/altera_xcvr_10gbase_kr/altera_xcvr_10gbase_kr/altera_xcvr_10gbase_kr.sdc
0.021	2010844	146	ok	altera_dp/src/bitec_dp/bitec_dp.sdc
0.021	1942428	21	ok	ethernet/alt_em10g32/example_design/LL10G_10G_USXGMII/rtl/ethernet_traffic_controller/eth_std_traffic_controller/crc32/crc32.qip
0.021	1942428	131	ok	altera_dp/de_gen/arria_10/rtl/clkrec/bitec_clkrec.sdc
0.020	717340	31	ok	ethernet/alt_e2550/example_project/common/common_timing_a10.sdc
0.020	717340	25	ok	ethernet/alt_em10g32/example_design/LL10G_1G_10G_LINESIDE/rtl/eth_traffic_controller/crc32/crc32.sdc
0.020	388580	63	ok	altera_pcie/altera_pcie_hip_256_avmm/altpcie_qsys_design_example.sdc
0.020	253632	71	ok	ethernet/alt_em10g32/example_design/LL10G_LINESIDE/rtl/fifo_dcfifo/altera_avalon_dc_fifo.sdc
0.020	253632	42	ok	ethernet/alt_eth_ultra/example_project/100g/eth_100g_a10.sdc
0.020	253632	4	ok	ethernet/alt_eth_ultra/example_project/common/alt_aeuex_sys_pll_sv_100/alt_aeuex_sys_pll_sv_100_0002.qip
0.020	253632	38	ok	altera_uflex_interlaken/uflex_ilk_ce_top/uflex_ilk_core.sdc
0.020	253632	34	ok	ethernet/alt_eth_ultra/example_project/40g_kr4_a10/eth_ex_40g_kr4_a10.qsf
0.020	253632	32	ok	ethernet/alt_eth_ultra/example_project/100g_sv/eth_ex_100g_sv.qsf
0.020	253632	31	ok	ethernet/alt_eth_ultra/example_project/40g/eth_40g_s5.sdc
0.020	253632	31	ok	altera_pcie/altera_pcie_a10_ed/devkit/altpcie_devkit.sdc
0.020	253632	30	ok	ethernet/alt_em10g32/example_design/LL10G_1G_10G_LINESIDE/altera_eth_top.qpf
0.020	253632	257	ok	vip/ip_library/component_ip/utility/alt_vip_packet_transfer/alt_vip_packet_transfer.sdc
0.020	246196	36	ok	altera_dp/de_gen/arria_10/rtl/clkrec/bitec_clkrec_dist.qip
0.020	246196	2	ok	altera_dp/hw_demo/mst_av_sk_4k/bitec_reconfig_alt_av.qip
0.020	2010844	6	ok	altera_jesd204/ed/ed_nios/script/jesd204b_ed.qpf
0.020	2010844	31	ok	altera_jesd204/ed/ed_sim/scripts/jesd204b_ed.qpf
0.020	1942428	97	ok	alt_xcvr/altera_xcvr_10gbase_kr/arria10/altera_xcvr_10gkr_a10/altera_xcvr_10gkr_a10.sdc
0.020	1942428	70	ok	altera_pcie/altera_pcie_sriov/hw_devkit/run_me_first.sdc
0.020	1942428	70	ok	altera_dp/hw_demo/mst_sv/example.sdc
0.020	1942428	66	ok	alt_xcvr/altera_xcvr_10gbase_kr/arria10/cpu/kr_dbg_ecc_cpu/verilog/altera_nios2_gen2_unit_231/krip_altera_nios2_gen2_unit_231_jxqhl5a.sdc
0.020	1942428	22	ok	altera_pcie/altera_pcie_sv_hip_ast/altera_pcie_sv_hip_ast_enable_power_on_rst_pulse.sdc
0.020	1942428	184	ok	alt_xcvr/altera_xcvr_native_phy/altera_xcvr_native_vi/altera_xcvr_native_a10_false_paths.sdc
0.020	171984	43	ok	alt_interlaken_hp/testbench/example_design_50g_a10_board_level/example_design.sdc
0.020	15524	8	ok	alt_eth_40g_100g/100gbe/example/alt_e100_top_sv/alt_e100_top_sv.qsf
0.020	15512	7	ok	alt_eth_40g_100g/100gbe/example/alt_e100_top_sv_caui4/alt_e100_top_sv_caui4.qsf
0.020	144796	90	ok	alt_interlaken/alt_interlaken_sdc_files/alt_ntrlkn_4l_3g.sdc
0.019	717340	58	ok	ethernet/alt_em10g32/example_design/LL10G_10G_USXGMII/altera_eth_top.sdc
0.019	388580	60	ok	alt_xcvr_reconfig/alt_xcvr_reconfig/av_xcvr_reconfig.sdc
0.019	253632	65	ok	ethernet/alt_eth_ultra/example_project/100g_caui4/eth_100g_a10.sdc
0.019	253632	34	ok	ethernet/alt_em10g32/example_design/LL10G_10GBASER_RegMode/rtl/eth_traffic_controller/eth_std_traffic_controller_top.qip
0.019	253632	21	ok	ethernet/alt_em10g32/example_design/LL10G_LINESIDE/rtl/eth_traffic_controller/crc32/crc32.qip
0.019	253632	21	ok	ethernet/alt_em10g32/example_design/LL10G_1G_10G_LINESIDE/rtl/eth_traffic_controller/crc32/crc32.qip
0.019	253632	21	ok	audio_ip/audio_embed/audio_embed.sdc
0.019	253632	2	ok	altera_xcvr_att_custom/sv/custom_phy_assignments.qip
0.019	2010844	86	ok	altera_modular_adc/control/altera_modular_adc_control.sdc
0.019	2010844	17	ok	altera_gmii_to_sgmii_adapter/altera_gmii_to_sgmii_adapter.sdc
0.019	1942428	51	ok	altera_dp/hw_demo/sv/sv_dp_demo.sdc
0.019	1942428	42	ok	altera_pcie/altera_pcie_a10_hip/altera_pcie_a10_skp.sdc
0.019	1942428	18	ok	altera_pcie/altera_pcie_hip_256_avmm/altera_pci_express.sdc
0.019	15512	147	ok	alt_eth_40g_100g/40gbe/example/common/common_settings_sv.qsf
0.018	717340	43	ok	altera_uflex_interlaken/testbench/example_design_uflex_s10_board_level/example_design.sdc
0.018	388580	17	ok	altera_pcie/altera_pcie_avgz_hip_avmm/altera_pci_express.sdc
0.018	253632	31	ok	ethernet/alt_em10g32/example_design/LL10G_1G_2_5G_1588v2/altera_eth_top.qpf
0.018	253632	27	ok	altera_pcie/altera_pcie_a10_ed/altpcied_a10.sdc
0.018	2010844	28	ok	altera_hmcc_mtaps/a10_example_design/par/hmcc_example.qpf
0.018	2010844	133	ok	altera_hdmi/hw_demo/av_sk/mr.sdc
0.018	1942428	65	ok	alt_xcvr/altera_xcvr_reset_control_s10/alt_xcvr_reset_s10.sdc
0.018	1942428	21	ok	ethernet/alt_em10g32/example_design/LL10G_1G_10G_LINESIDE_1588v2/rtl/eth_traffic_controller/eth_std_traffic_controller/crc32/crc32.qip
0.018	171984	480	ok	alt_mem_if/alt_mem_if_phys/alt_mem_if_ddr2_phy_core/constraints/m10/memphy.sdc
0.018	15528	30	ok	alt_eth_40g_100g/100gbe/example/common/alt_e100_e_reco_caui4/alt_e100_e_reco_caui4/altera_reset_controller.sdc
0.018	15524	7	ok	alt_eth_40g_100g/40gbe/example/alt_e40_avalon_top_sv_kr4/alt_e40_avalon_top_sv_kr4.qsf
0.018	15444	30	ok	alt_eth_40g_100g/100gbe/example/alt_e100_avalon_top_sv/alt_e100_avalon_top_sv.qpf
0.017	717340	45	ok	altera_pcie/altera_pcie_sriov/hw_devkit/top_hw.sdc
0.017	388580	163	ok	altera_hdmi/hw_demo/sv_hdmi2/hdmi_demo.sdc
0.017	253632	172	ok	altera_uflex_interlaken/testbench/example_design_uflex_s10_board_level/example_design.qsf
0.017	246196	43	ok	alt_xcvr/altera_xcvr_10gbase_kr/arria10/cpu/kr_dbg_ecc_cpu/verilog/altera_reset_controller_231/altera_reset_controller.sdc
0.017	2010844	120	ok	vip/ip_library/common_hdl/modules/alt_vip_common_fifo/src_hdl/alt_vip_common_fifo.sdc
0.017	1942428	33	ok	vip/ip_library/component_ip/alt_vip_cvi_core/alt_vip_cvi_core.sdc
0.017	1942428	200	ok	ethernet/tse_ucores/altera_eth_tse_pcs_pma_gxb/altera_eth_tse_pcs_pma_gxb.sdc
0.017	171984	260	ok	alt_interlaken_hp/ilk_top/cut_path_24lane_a10.sdc
0.017	15520	30	ok	alt_eth_40g_100g/40gbe/example/alt_e40_tx_top_sv/alt_e40_tx_top_sv.qpf
0.017	15520	30	ok	alt_eth_40g_100g/100gbe/example/alt_e100_rx_top_siv/alt_e100_rx_top_siv.qpf
0.017	15520	24	ok	alt_eth_40g_100g/100gbe/example/common/alt_e100_example_common.qip
0.017	15512	7	ok	alt_eth_40g_100g/100gbe/example/alt_e100_rx_top_siv/alt_e100_rx_top_siv.qsf
0.017	15512	23	ok	alt_eth_40g_100g/40gbe/example/common/alt_e40_example_common.qip
0.016	717340	7	ok	seriallite_iii/example/example_design/a10/simplex/seriallite_iii_streaming_demo.qpf
0.016	717340	62	ok	ethernet/alt_em10g32/example_design/LL10G_1G_2_5G_1588v2/altera_eth_top.sdc
0.016	717340	57	ok	ethernet/alt_em10g32/example_design/LL10G_1G_2_5G/altera_eth_top.sdc
0.016	717340	34	ok	sopc_builder_ip/altera_avalon_clock_adapter/altera_avalon_clock_adapter.sdc
0.016	717340	34	ok	ethernet/alt_em10g32/example_design/LL10G_LINESIDE_1588v2/rtl/eth_traffic_controller/eth_std_traffic_controller/eth_std_traffic_controller_top.qip
0.016	717340	34	ok	ethernet/alt_em10g32/example_design/LL10G_1G_10G_LINESIDE_1588v2/rtl/eth_traffic_controller/eth_std_traffic_controller/eth_std_traffic_controller_top.qip
0.016	717340	31	ok	ethernet/alt_em10g32/example_design/LL10G_10GBASER_RegMode/altera_eth_top.qpf
0.016	717340	30	ok	merlin/altera_reset_controller/altera_reset_controller.sdc
0.016	717340	29	ok	ethernet/altera_eth_tse_design_example/tse_ieee1588/tse_1588_top.sdc
0.016	717340	21	ok	ethernet/alt_em10g32/example_design/LL10G_1G_2_5G/rtl/ethernet_traffic_controller/eth_std_traffic_controller/crc32/crc32.qip
0.016	717340	15	ok	altera_temp_sense/altera_temp_sense.sdc
0.016	717340	123	ok	ethernet/ethernet_ucore/altera_eth_1588_tod_synchronizer/altera_eth_1588_tod_synchronizer.sdc
0.016	717340	107	ok	sdi_ii/sdi_ii_ed_loopback/src_hdl/sdi_ii_ed_loopback.sdc
0.016	388580	69	ok	altera_hdmi/hw_demo/arria_10/rtl/sdc/a10_hdmi2.sdc
0.016	388580	69	ok	altera_dp/hw_demo/av_sk_4k/example.sdc
0.016	388580	481	ok	altera_pcie/altera_pcie_a10_hip/altera_pci_express.sdc
0.016	388580	159	ok	altera_hdmi/hw_demo/av_sk/hdmi_demo.sdc
0.016	341924	78	ok	alt_xaui/dxaui/dxaui_timing_cmu.sdc
0.016	253632	7	ok	seriallite_iii/example/example_design/a10/duplex/seriallite_iii_streaming_demo.qpf
0.016	253632	64	ok	ethernet/alt_em10g32/example_design/LL10G_10GBASER/altera_eth_top.sdc
0.016	253632	54	ok	sld/jtag/altera_jtag_wys_atom/default_jtag.sdc
0.016	253632	339	ok	ethernet/alt_e2550/example_project/common/alt_aeuex_sys_pll_sv_100.qip
0.016	246196	15	ok	altera_int_osc/altera_int_osc.sdc
0.016	246196	129	ok	altera_dp/hw_demo/common/clkrec/bitec_clkrec.sdc
0.016	202864	98	ok	alt_xaui/lib/alt_xaui_phy_top.sdc
0.016	202864	72	ok	alt_xaui/dxaui/dxaui_timing_atx.sdc
0.016	2010844	952	ok	emif/ip_arch_nf/timing/memphy.sdc
0.016	2010844	83	ok	ethernet/alt_eth_ultra/example_project/common/device_pin_setting_board_SI_10AX115S4F45I3SG_CFP2.qsf
0.016	2010844	72	ok	ethernet/alt_e2550/example_project/common/device_pin_setting_board_SI_10AX115S4F45I3SGE2_QSFP.qsf
0.016	2010844	72	ok	ethernet/alt_e2550/example_project/common/device_pin_setting_board_SI_10AX115S3F45I2SG_CFP2.qsf
0.016	2010844	66	ok	alt_xcvr_reconfig/alt_xcvr_reconfig_soc/cpu_qsys_files/alt_xcvr_reconfig_cpu_reconfig_cpu_cpu.sdc
0.016	2010844	58	ok	iconnect/alt_hiconnect_dc_fifo/alt_hiconnect_dc_fifo.sdc
0.016	2010844	53	ok	ethernet/alt_em10g32/example_design/LL10G_1G_2_5G/rtl/ethernet_traffic_controller/eth_traffic_controller_top.qip
0.016	2010844	51	ok	altera_pcie/altera_pcie_sv_hip_ast/altera_pcie_sv_hip_ast_enable_pcisigtest.sdc
0.016	2010844	49	ok	ethernet/alt_em10g32/example_design/LL10G_LINESIDE_1588v2/rtl/eth_traffic_controller/eth_traffic_controller_top.qip
0.016	2010844	43	ok	ethernet/alt_eth_ultra/40g_kr4_a10/cpu/kr4a10_cpu_gen2/altera_reset_controller_231/altera_reset_controller.sdc
0.016	2010844	43	ok	alt_xcvr/altera_xcvr_10gbase_kr/arria10/cpu/kra10_cpu/verilog/altera_reset_controller_231/altera_reset_controller.sdc
0.016	2010844	38	ok	altera_uflex_interlaken/uflex_ilk_top/uflex_ilk_core.sdc
0.016	2010844	38	ok	altera_dp/de_gen/arria_10/rtl/clkrec/bitec_clkrec.qip
0.016	2010844	32	ok	ethernet/altera_eth_10g_design_example/altera_eth_10g_mac_base_r/top.sdc
0.016	2010844	31	ok	ethernet/alt_em10g32/example_design/LL10G_LINESIDE/rtl/reset_ctrl/altera_reset_controller.sdc
0.016	2010844	30	ok	ethernet/alt_eth_ultra/example_project/40g/eth_40g_a10.qpf
0.016	2010844	30	ok	ethernet/alt_eth_ultra/example_project/100g_caui4/eth_100g_a10.qpf
0.016	2010844	30	ok	ethernet/alt_em10g32/example_design/LL10G_LINESIDE_1588v2/altera_eth_top.qpf
0.016	2010844	292	ok	ethernet/alt_mge_phy/alt_mge_phy_usxg32_pcs.sdc
0.016	2010844	29	ok	audio_ip/audio_extract/audio_extract.sdc
0.016	2010844	26	ok	ethernet/alt_em10g32/example_design/LL10G_LINESIDE/rtl/eth_traffic_controller/altera_avalon_dc_fifo.sdc
0.016	2010844	26	ok	ethernet/alt_em10g32/example_design/LL10G_1G_10G_LINESIDE/rtl/eth_traffic_controller/altera_avalon_dc_fifo.sdc
0.016	2010844	215	ok	ethernet/alt_eth_ultra/example_project/100g/eth_100g_s5.qsf
0.016	2010844	21	ok	ethernet/alt_em10g32/example_design/LL10G_10GBASER_RegMode/rtl/eth_traffic_controller/crc32/crc32.qip
0.016	2010844	21	ok	audio_ip/clocked_audio_output/clocked_audio_output.sdc
0.016	2010844	18	ok	ethernet/alt_e2550/example_project/common/common_timing_settings.qsf
0.016	2010844	16	ok	altera_crcerror_verify/crcerror_verify_constraints.sdc
0.016	2010844	14	ok	ethernet/alt_em10g32/example_design/LL10G_LINESIDE_1588v2/rtl/eth_traffic_controller/eth_1588_traffic_controller/eth_1588_traffic_controller_top.qip
0.016	2010844	14	ok	ethernet/alt_em10g32/example_design/LL10G_1G_10G_LINESIDE_1588v2/rtl/eth_traffic_controller/eth_1588_traffic_controller/eth_1588_traffic_controller_top.qip
0.016	2010844	13	ok	sopc_builder_ip/altera_avalon_pll/altera_avalon_pll.sdc
0.016	2010844	1123	ok	audio_ip/example/s4gx_sdi_audio/s4gxsdi_audio.qsf
0.016	1942428	87	ok	ethernet/ethernet_ucore/altera_eth_gmii_mii_encoder/altera_eth_gmii_mii_encoder_dc_fifo.sdc
0.016	1942428	81	ok	megafunctions/fifo/dcfifo.sdc
0.016	1942428	78	ok	ethernet/ethernet_ucore/altera_eth_1588_tod/altera_eth_1588_tod.sdc
0.016	1942428	68	ok	avalon_st/altera_avalon_st_handshake_clock_crosser/altera_avalon_st_handshake_clock_crosser.sdc
0.016	1942428	66	ok	ethernet/alt_eth_ultra/40g_kr4_a10/cpu/kr4a10_debug_cpu_gen2/altera_nios2_gen2_unit_231/ex_40g_altera_nios2_gen2_unit_231_dsvaavi.sdc
0.016	1942428	62	ok	ltpi/design_example_tb/user.sdc
0.016	1942428	62	ok	ethernet/alt_eth_ultra/example_project/common/device_pin_setting_board_SI_10AX115S4F45I3SG_KR4.qsf
0.016	1942428	43	ok	alt_xcvr_reconfig/alt_xcvr_reconfig_soc/cpu_qsys_files/altera_reset_controller.sdc
0.016	1942428	4	ok	ethernet/alt_em10g32/example_design/LL10G_1G_10G_LINESIDE_1588v2/rtl/probe/source.qip
0.016	1942428	37	ok	altera_hmcc_mtaps/a10_example_design/par/hmcc_example.sdc
0.016	1942428	33	ok	ethernet/altera_eth_10g_design_example/altera_eth_10g_mac_base_r_1588/altera_eth_10g_mac_base_r_1588_top.sdc
0.016	1942428	31	ok	sdi_ii/sdi_ii_library/sdi_ii_rx_phy_mgmt/src_hdl/sdi_ii_rx_phy_mgmt.sdc
0.016	1942428	31	ok	ethernet/alt_eth_ultra/example_project/100g/eth_100g_s5.sdc
0.016	1942428	30	ok	seriallite_iii/example/example_design/sv/duplex/seriallite_iii_streaming_demo.qpf
0.016	1942428	30	ok	ethernet/alt_eth_ultra/example_project/100g_sv/eth_ex_100g_sv.qpf
0.016	1942428	30	ok	ethernet/alt_em10g32/example_design/LL10G_LINESIDE/rtl/eth_traffic_controller/avalon_st_traffic_controller.qip
0.016	1942428	30	ok	altera_uflex_interlaken/testbench/example_design_uflex_s10_board_level/example_design.qpf
0.016	1942428	29	ok	ethernet/altera_eth_tse_design_example/tse_ieee1588_a10/tse_1588_top.sdc
0.016	1942428	28	ok	mem/ddrx/source/sdc/altera_avalon_half_rate_bridge_constraints.sdc
0.016	1942428	28	ok	ltpi/design_example_tb/example_design.qpf
0.016	1942428	28	ok	altera_hmcc_mtaps/s10_example_design/par/hmcc_example.qpf
0.016	1942428	246	ok	ethernet/tse_ucores/altera_eth_tse_fifoless_mac/altera_eth_tse_fifoless_mac.sdc
0.016	1942428	240	ok	ethernet/alt_eth_ultra/example_project/40g/eth_40g_a10.qsf
0.016	1942428	224	ok	ethernet/alt_mge_phy/alt_mge_phy_gmii_pcs.sdc
0.016	1942428	224	ok	ethernet/alt_eth_ultra/example_project/100g/eth_100g_a10.qsf
0.016	1942428	219	ok	ethernet/alt_eth_ultra/example_project/100g_caui4/eth_100g_a10.qsf
0.016	1942428	217	ok	ethernet/tse_ucores/altera_eth_tse_pcs_pma_nf_lvds/altera_eth_tse_pcs_pma_nf_lvds.sdc
0.016	1942428	211	ok	ethernet/tse_ucores/altera_eth_tse_pcs_pma_phyip/altera_eth_tse_pcs_pma_phyip.sdc
0.016	1942428	18	ok	ethernet/alt_eth_ultra/example_project/common/common_timing_settings.qsf
0.016	1942428	179	ok	ethernet/alt_eth_ultra/example_project/40g/eth_40g_s5.qsf
0.016	1942428	138	ok	espi_slave/espi.out.sdc
0.016	1942428	120	ok	vip/ip_library/common_hdl/modules/alt_vip_common_fifo2/src_hdl/alt_vip_common_fifo2.sdc
0.016	175168	668	ok	alt_mem_if/alt_mem_if_phys/alt_mem_if_qdrii_phy_core/constraints/acv/memphy.sdc
0.016	175168	265	ok	alt_interlaken_hp/testbench/example_design_50g_a10_board_level/jtag_timing_template.sdc
0.016	175168	168	ok	alt_interlaken_hp/testbench/example_design_hw_a10/example_design_12x10G.qsf
0.016	175168	1095	ok	alt_mem_if/alt_mem_if_phys/alt_mem_if_rldramii_phy_core/constraints/memphy.sdc
0.016	171984	930	ok	alt_mem_if/alt_mem_if_phys/alt_mem_if_lpddr_phy_core/constraints/acv/memphy.sdc
0.016	171984	901	ok	alt_mem_if/alt_mem_if_phys/alt_mem_if_rldram3_phy_core/constraints/sv/memphy.sdc
0.016	171984	817	ok	alt_mem_if/alt_mem_if_phys/alt_mem_if_ddr2_phy_core/constraints/sv/memphy.sdc
0.016	171984	431	ok	alt_interlaken_hp/ilk_top/ilk_core_24lane_a10.sdc
0.016	171984	43	ok	alt_interlaken_hp/testbench/example_design_100g_a10_board_level/example_design.sdc
0.016	171984	1222	ok	alt_mem_if/alt_mem_if_phys/alt_mem_if_ddr3_phy_core/constraints/memphy.sdc
0.016	171984	1116	ok	alt_mem_if/alt_mem_if_phys/alt_mem_if_ddr3_phy_core/constraints/acv/memphy.sdc
0.016	171984	1020	ok	alt_mem_if/alt_mem_if_phys/alt_mem_if_lpddr2_phy_core/constraints/acv/memphy.sdc
0.016	171004	480	ok	alt_mem_if/alt_mem_if_phys/alt_mem_if_ddr3_phy_core/constraints/m10/memphy.sdc
0.016	171004	467	ok	alt_mem_if/alt_mem_if_phys/alt_mem_if_lpddr2_phy_core/constraints/m10/memphy.sdc
0.016	171004	1019	ok	alt_mem_if/alt_mem_if_phys/alt_mem_if_lpddr_phy_core/constraints/sv/memphy.sdc
0.016	162904	739	ok	alt_mem_if/alt_mem_if_phys/alt_mem_if_rldramii_phy_core/constraints/acv/memphy.sdc
0.016	160108	1299	ok	alt_mem_if/alt_mem_if_phys/alt_mem_if_ddr2_phy_core/constraints/memphy.sdc
0.016	155472	638	ok	alt_mem_if/alt_mem_if_phys/alt_mem_if_civ_ddr2_phy/constraints/memphy_timing.sdc
0.016	15528	4	ok	alt_eth_40g_100g/40gbe/example/common/alt_e40_sys_pll_sv_100/alt_e40_sys_pll_sv_100/alt_e40_sys_pll_sv_100_0002.qip
0.016	15528	30	ok	alt_eth_40g_100g/100gbe/example/alt_e100_tx_top_siv/alt_e100_tx_top_siv.qpf
0.016	15528	30	ok	alt_eth_40g_100g/100gbe/example/alt_e100_top_sv/alt_e100_top_sv.qpf
0.016	15528	30	ok	alt_eth_40g_100g/100gbe/example/alt_e100_rx_top_sv/alt_e100_rx_top_sv.qpf
0.016	15524	8	ok	alt_eth_40g_100g/100gbe/example/alt_e100_avalon_top_sv_caui4/alt_e100_avalon_top_sv_caui4.qsf
0.016	15524	7	ok	alt_eth_40g_100g/40gbe/example/alt_e40_top_sv/alt_e40_top_sv.qsf
0.016	15524	7	ok	alt_eth_40g_100g/40gbe/example/alt_e40_avalon_top_siv/alt_e40_avalon_top_siv.qsf
0.016	15524	339	ok	alt_eth_40g_100g/100gbe/example/common/alt_e100_sys_pll_sv/alt_e100_sys_pll_sv.qip
0.016	15524	147	ok	alt_eth_40g_100g/100gbe/example/common/alt_e100_e_reco_caui4/alt_e100_e_reco_caui4.qip
0.016	15520	80	ok	alt_eth_40g_100g/100gbe/example/common/common_settings_sv_caui4.qsf
0.016	15520	4	ok	alt_eth_40g_100g/100gbe/example/common/alt_e100_sys_pll_sv_100/alt_e100_sys_pll_sv_100/alt_e100_sys_pll_sv_100_0002.qip
0.016	15520	30	ok	alt_eth_40g_100g/100gbe/example/alt_e100_tx_top_sv/alt_e100_tx_top_sv.qpf
0.016	15512	339	ok	alt_eth_40g_100g/40gbe/example/common/alt_e40_sys_pll_sv/alt_e40_sys_pll_sv.qip
0.016	15512	339	ok	alt_eth_40g_100g/100gbe/example/common/alt_e100_sys_pll_sv_100/alt_e100_sys_pll_sv_100.qip
0.016	15448	8	ok	alt_eth_40g_100g/100gbe/example/alt_e100_avalon_top_siv/alt_e100_avalon_top_siv.qsf
0.016	15448	30	ok	alt_eth_40g_100g/100gbe/example/alt_e100_avalon_top_siv/alt_e100_avalon_top_siv.qpf
0.016	15436	7	ok	alt_eth_40g_100g/100gbe/example/alt_e100_avalon_top_sv/alt_e100_avalon_top_sv.qsf
0.016	153092	66	ok	alt_interlaken_hp/ilk_top/cut_path_12lane.sdc
0.016	153092	248	ok	alt_interlaken_hp/ilk_top/ilk_core_12lane.sdc
0.016	152144	66	ok	alt_interlaken_hp/ilk_top/cut_path_24lane.sdc
0.016	152144	311	ok	alt_interlaken_hp/ilk_top/ilk_core_24lane.sdc
0.016	152144	213	ok	alt_interlaken_hp/ilk_50g_top/ilk_50g_top_a10.sdc
0.016	145176	93	ok	alt_interlaken/alt_interlaken_sdc_files/alt_ntrlkn_8l_3g.sdc
0.016	145176	63	ok	alt_interlaken/design_examples/alt_interlaken_4lane_3g/alt_interlaken_4lane_3g.sdc
0.016	144796	168	ok	alt_interlaken_hp/testbench/example_design_hw_a10/example_design_12x12G.qsf
0.016	144440	28	ok	alt_interlaken/alt_interlaken_pcs/altera_xcvr_interlaken.sdc
0.016	136720	91	ok	alt_interlaken/alt_interlaken_sdc_files/alt_ntrlkn_8l_6g.sdc
0.016	136720	136	ok	alt_interlaken/alt_interlaken_sdc_files/alt_ntrlkn_20l_6g.sdc
0.015	253632	53	ok	ethernet/alt_em10g32/example_design/LL10G_1G_2_5G_1588v2/rtl/ethernet_traffic_controller/eth_traffic_controller_top.qip
0.015	253632	48	ok	ethernet/altera_eth_10g_design_example/altera_eth_10g_mac_xaui/top.sdc
0.014	388580	92	ok	altera_onchip_flash/altera_onchip_flash/altera_onchip_flash.sdc
0.014	253632	21	ok	ethernet/alt_em10g32/example_design/LL10G_10GBASER/rtl/eth_traffic_controller/crc32/crc32.qip
0.014	1942428	80	ok	megafunctions/stratix10_clkctrl/altera_clkdiv.sdc
0.014	15528	30	ok	alt_eth_40g_100g/40gbe/example/alt_e40_tx_top_siv/alt_e40_tx_top_siv.qpf
0.013	1942428	21	ok	ethernet/alt_em10g32/example_design/LL10G_1G_2_5G_1588v2/rtl/ethernet_traffic_controller/eth_std_traffic_controller/crc32/crc32.qip
0.013	15520	30	ok	alt_eth_40g_100g/40gbe/example/alt_e40_top_sv_kr4/alt_e40_top_sv_kr4.qpf
0.012	717340	180	ok	vip/ip_library/component_ip/alt_vip_cvo_core/alt_vip_cvo_core.sdc
0.012	246196	155	ok	alt_xcvr/altera_xcvr_native_phy/altera_xcvr_native_s10/timing/nativephy.sdc
0.012	1942428	3	ok	ethernet/alt_em10g32/example_design/LL10G_LINESIDE/rtl/eth_traffic_controller/shiftreg_data.qip
0.012	1942428	3	ok	ethernet/alt_em10g32/example_design/LL10G_1G_10G_LINESIDE/rtl/eth_traffic_controller/shiftreg_data.qip
0.012	175168	57	ok	alt_mem_if/alt_mem_if_controllers/alt_mem_if_nextgen_ddr_controller_110/altera_avalon_half_rate_bridge_constraints.sdc
0.012	15528	45	ok	alt_eth_40g_100g/40gbe/example/common/alt_e40_example_common_kr4.qip
0.012	15528	30	ok	alt_eth_40g_100g/100gbe/example/alt_e100_avalon_top_sv_caui4/alt_e100_avalon_top_sv_caui4.qpf
0.012	152144	84	ok	alt_interlaken/alt_interlaken_sdc_files/alt_ntrlkn_12l_10g.sdc
0.012	145176	64	ok	alt_interlaken/design_examples/alt_interlaken_12lane_10g/alt_interlaken_12lane_10g.sdc
0.011	717340	810	ok	emif/ip_arch_nd/timing/memphy.sdc
0.011	717340	7	ok	altera_sl3/ed/ed_synth/src/top/seriallite_iii_streaming_demo.qpf
0.011	717340	2	ok	altera_xcvr_8g_custom/sv/custom_phy_assignments.qip
0.011	388580	28	ok	altera_hmcc/a10_example_design/par/hmcc_example.qpf
0.011	2010844	17	ok	altera_pcie/altera_pcie_sv_hip_avmm/altera_pci_express.sdc
0.011	2010844	158	ok	altera_pll/source/top/alterapll.sdc
0.011	2010844	104	ok	alt_xcvr_reconfig/alt_xcvr_reconfig/alt_xcvr_reconfig.sdc
0.011	1942428	26	ok	altera_pcie/altera_pcie_hip_ast_ed/altera_pcie_cfgbp_ed/altera_pci_express.sdc
0.011	1942428	189	ok	altera_10gbaser_phy/av_soft_pcs/alt_10gbaser_phy.sdc
0.011	180756	379	ok	alt_pr/rtl/alt_pr.sdc
0.011	175168	265	ok	alt_interlaken_hp/testbench/example_design_100g_a10_board_level/jtag_timing_template.sdc
0.011	171984	164	ok	alt_interlaken_hp/testbench/example_design_hw_a10/example_design_50G.qsf
0.011	171984	1002	ok	alt_mem_if/alt_mem_if_phys/alt_mem_if_lpddr2_phy_core/constraints/sv/memphy.sdc
0.011	15524	7	ok	alt_eth_40g_100g/100gbe/example/alt_e100_rx_top_sv/alt_e100_rx_top_sv.qsf
0.011	144796	90	ok	alt_interlaken/design_examples/alt_interlaken_20lane_6g/alt_interlaken_20lane_6g.sdc
0.010	717340	87	ok	ethernet/ethernet_ucore/altera_eth_gmii_mii_decoder/altera_eth_gmii_mii_decoder_dc_fifo.sdc
0.010	717340	216	ok	ethernet/tse_ucores/altera_eth_tse_pcs_pma_lvds/altera_eth_tse_pcs_pma_lvds.sdc
0.010	717340	120	ok	vip/ip_library/common_hdl/modules/alt_vip_common_dc_mixed_widths_fifo/src_hdl/alt_vip_common_dc_mixed_widths_fifo.sdc
0.010	253632	31	ok	ethernet/alt_em10g32/example_design/LL10G_1G_2_5G/altera_eth_top.qpf
0.010	202864	66	ok	alt_mem_if/altera_mem_if_sequencer_cpu/altera_mem_if_sequencer_cpu_d4_synth_cpu_inst.sdc
0.010	2010844	56	ok	altera_pcie/altera_pcie_sriov/hw_devkit/altpcied_sv.sdc
0.010	1942428	21	ok	ethernet/alt_em10g32/example_design/LL10G_1G_2_5G_10G/rtl/ethernet_traffic_controller/eth_std_traffic_controller/crc32/crc32.qip
0.010	15528	104	ok	alt_eth_40g_100g/100gbe/example/common/alt_e100_e_reco/alt_e100_e_reco/alt_xcvr_reconfig.sdc
0.010	15524	15	ok	alt_eth_40g_100g/40gbe/example/common/common_timing.sdc
0.010	15520	30	ok	alt_eth_40g_100g/40gbe/example/alt_e40_top_siv/alt_e40_top_siv.qpf
0.010	15512	8	ok	alt_eth_40g_100g/40gbe/example/alt_e40_avalon_top_sv/alt_e40_avalon_top_sv.qsf
0.010	15512	6	ok	alt_eth_40g_100g/100gbe/example/common/alt_e100_sys_pll_siv/alt_e100_sys_pll_siv.qip
0.010	145176	89	ok	alt_interlaken/alt_interlaken_sdc_files/alt_ntrlkn_12l_6g.sdc
0.009	717340	831	ok	altera_phylite/ip_arch_nf/timing/memphy.sdc
0.009	717340	47	ok	altera_pcie/altera_pcie_sv_hip_ast/altera_pcie_sv_hip_ast_pipen1b.sdc
0.009	253632	457	ok	ethernet/alt_em10g32/MAC/alt_em10g32.sdc
0.009	253632	25	ok	ethernet/alt_em10g32/example_design/LL10G_1G_10G_LINESIDE_1588v2/rtl/eth_traffic_controller/eth_std_traffic_controller/crc32/crc32.sdc
0.009	246196	51	ok	altera_dp/hw_demo/mst_sv/mst_sv_dp_demo.sdc
0.009	1942428	4	ok	ethernet/alt_e2550/example_project/common/alt_aeuex_sys_pll_sv_100/alt_aeuex_sys_pll_sv_100_0002.qip
0.009	1942428	30	ok	ethernet/alt_em10g32/example_design/LL10G_1G_10G_LINESIDE/rtl/eth_traffic_controller/avalon_st_traffic_controller.qip
0.009	1942428	22	ok	sopc_builder_ip/altera_avalon_spi_phy_slave/spiphyslave.sdc
0.009	1942428	21	ok	ethernet/alt_em10g32/example_design/LL10G_LINESIDE_1588v2/rtl/eth_traffic_controller/eth_std_traffic_controller/crc32/crc32.qip
0.009	171984	38	ok	alt_interlaken_hp/testbench/example_design_hw_a10/example_design.sdc
0.009	158556	1024	ok	alt_mem_if/alt_mem_if_phys/alt_mem_if_ddr2_phy_core/constraints/acv/memphy.sdc
0.009	15528	96	ok	alt_eth_40g_100g/100gbe/example/common/common_settings_siv.qsf
0.009	15528	30	ok	alt_eth_40g_100g/40gbe/example/alt_e40_top_sv/alt_e40_top_sv.qpf
0.009	15524	30	ok	alt_eth_40g_100g/100gbe/example/common/alt_e100_e_reco/alt_e100_e_reco/altera_reset_controller.sdc
0.009	15524	132	ok	alt_eth_40g_100g/100gbe/example/common/common_settings_sv.qsf
0.009	15520	146	ok	alt_eth_40g_100g/100gbe/example/common/alt_e100_e_reco/alt_e100_e_reco.qip
0.009	15512	8	ok	alt_eth_40g_100g/100gbe/example/alt_e100_top_siv/alt_e100_top_siv.qsf
0.009	15512	104	ok	alt_eth_40g_100g/100gbe/example/common/alt_e100_e_reco_caui4/alt_e100_e_reco_caui4/alt_xcvr_reconfig.sdc
0.009	144796	28	ok	alt_mem_if/alt_mem_if_controllers/alt_mem_if_ddr3_controller/altera_avalon_half_rate_bridge_constraints.sdc
0.008	717340	71	ok	ethernet/alt_eth_ultra/example_project/common/device_pin_setting_board_SI_10AX115S4F45I3SG_QSFP.qsf
0.008	717340	59	ok	ethernet/alt_eth_ultra/example_project/40g/SDCUtils.sdc
0.008	717340	59	ok	ethernet/alt_eth_ultra/example_project/100g/SDCUtils.sdc
0.008	717340	4	ok	ethernet/alt_em10g32/example_design/LL10G_LINESIDE/rtl/probe/source.qip
0.008	717340	339	ok	ethernet/alt_eth_ultra/example_project/common/alt_aeuex_sys_pll_sv_100.qip
0.008	717340	30	ok	ethernet/alt_eth_ultra/example_project/40g_sv/eth_ex_40g_sv.qpf
0.008	717340	30	ok	ethernet/alt_eth_ultra/example_project/40g_a10/eth_ex_40g_a10.qpf
0.008	717340	30	ok	ethernet/alt_eth_ultra/example_project/100g_caui4_a10/eth_ex_100g_caui4_a10.qpf
0.008	717340	30	ok	ethernet/alt_eth_ultra/example_project/100g_a10/eth_ex_100g_a10.qsf
0.008	717340	30	ok	audio_ip/example/s4gx_sdi_audio/s4gxsdi_audio.qpf
0.008	717340	3	ok	ethernet/alt_eth_ultra/example_project/100g/eth_100g_s5.qpf
0.008	717340	295	ok	ethernet/tse_ucores/altera_eth_tse_mac/altera_eth_tse_mac.sdc
0.008	717340	25	ok	ethernet/alt_em10g32/example_design/LL10G_LINESIDE/rtl/eth_traffic_controller/crc32/crc32.sdc
0.008	717340	23	ok	ethernet/alt_eth_ultra/example_project/40g/eth_40g_kr4_a10.sdc
0.008	717340	211	ok	ethernet/tse_ucores/altera_eth_tse_pcs_pma_nf_phyip/altera_eth_tse_pcs_pma_nf_phyip.sdc
0.008	717340	199	ok	ethernet/tse_ucores/altera_eth_tse_pcs/altera_eth_tse_pcs.sdc
0.008	717340	16	ok	pgm/altera_emr_unloader/altera_emr_unloader_core2/altera_emr_unloader.sdc
0.008	717340	16	ok	pgm/altera_crcerror_verify/altera_crcerror_verify2/crcerror_verify_constraints.sdc
0.008	717340	14	ok	sopc_builder_ip/altera_avalon_jtag_phy/altera_avalon_st_jtag_interface.sdc
0.008	717340	110	ok	ethernet/alt_eth_ultra/example_project/common/device_pin_setting_board_100G_5SGXEA7N2F45C2_CFP.qsf
0.008	388580	43	ok	alt_xcvr/altera_xcvr_10gbase_kr/arria10/cpu/kr_ecc_cpu/verilog/altera_reset_controller_231/altera_reset_controller.sdc
0.008	388580	303	ok	alt_xcvr/altera_xcvr_10gbase_kr/com_design_ex/enhanced_bundle/design_example_wrapper_nch.sdc
0.008	253632	82	ok	sopc_builder_ip/altera_avalon_fifo/constraint_sample.sdc
0.008	253632	74	ok	sopc_builder_ip/altera_avalon_dc_fifo/altera_avalon_dc_fifo.sdc
0.008	253632	31	ok	ethernet/alt_em10g32/example_design/LL10G_1G_10G_LINESIDE_1588v2/rtl/reset_ctrl/altera_reset_controller.sdc
0.008	253632	30	ok	seriallite_iii/example/example_design/sv/simplex/seriallite_iii_streaming_demo.qpf
0.008	253632	22	ok	altera_pcie/altera_pcie_avmm/altera_pci_express.sdc
0.008	253632	19	ok	altera_pcie/altera_pcie_sv_hip_ast/altera_pcie_sv_hip_ast_hip_reconfig.sdc
0.008	246196	15	ok	altera_int_osc/altera_int_osc_max10_77.sdc
0.008	246196	134	ok	altera_hdmi/hw_demo/av_sk_hdmi2/reconfig_mgmt/mr.sdc
0.008	2010844	69	ok	ethernet/alt_em10g32/example_design/LL10G_10GBASER_RegMode/altera_eth_top.sdc
0.008	2010844	69	ok	altera_dp/hw_demo/mst_av_sk_4k/example.sdc
0.008	2010844	54	ok	ethernet/alt_eth_ultra/example_project/common/common_timing_a10.sdc
0.008	2010844	49	ok	ethernet/alt_em10g32/example_design/LL10G_1G_10G_LINESIDE_1588v2/rtl/eth_traffic_controller/eth_traffic_controller_top.qip
0.008	2010844	34	ok	ethernet/alt_em10g32/example_design/LL10G_10GBASER/rtl/eth_traffic_controller/eth_std_traffic_controller_top.qip
0.008	2010844	32	ok	ethernet/alt_eth_ultra/example_project/40g_sv/eth_ex_40g_sv.qsf
0.008	2010844	31	ok	ethernet/alt_em10g32/example_design/LL10G_1G_2_5G_10G/altera_eth_top.qpf
0.008	2010844	31	ok	ethernet/alt_em10g32/example_design/LL10G_1G_10G_LINESIDE/rtl/reset_ctrl/altera_reset_controller.sdc
0.008	2010844	30	ok	ethernet/alt_eth_ultra/example_project/40g_a10/eth_ex_40g_a10.qsf
0.008	2010844	30	ok	ethernet/alt_eth_ultra/example_project/100g_caui4_a10/eth_ex_100g_caui4_a10.qsf
0.008	2010844	30	ok	ethernet/alt_eth_ultra/example_project/100g/eth_100g_a10.qpf
0.008	2010844	30	ok	ethernet/alt_em10g32/example_design/LL10G_1G_10G_LINESIDE_1588v2/altera_eth_top.qpf
0.008	2010844	30	ok	altera_pcie/altera_pcie_sv_hip_ast/altera_pcie_sv_hip_ast_rs_serdes.sdc
0.008	2010844	3	ok	ethernet/alt_eth_ultra/example_project/40g/eth_40g_s5.qpf
0.008	2010844	3	ok	ethernet/alt_em10g32/example_design/LL10G_LINESIDE/rtl/eth_traffic_controller/shiftreg_ctrl.qip
0.008	2010844	3	ok	ethernet/alt_em10g32/example_design/LL10G_1G_10G_LINESIDE/rtl/eth_traffic_controller/shiftreg_ctrl.qip
0.008	2010844	168	ok	ethernet/alt_mge_phy/example/alt_mge_phy_multi_speed_10g.sdc
0.008	1942428	59	ok	ethernet/alt_eth_ultra/example_project/common/SDCUtils.sdc
0.008	1942428	4	ok	ethernet/alt_em10g32/example_design/LL10G_LINESIDE_1588v2/rtl/probe/source.qip
0.008	1942428	30	ok	ethernet/alt_eth_ultra/example_project/40g_kr4_a10/eth_ex_40g_kr4_a10.qpf
0.008	1942428	23	ok	sdi_ii/sdi_ii_library/sdi_ii_tx_phy_mgmt/src_hdl/sdi_ii_tx_phy_mgmt.sdc
0.008	1942428	16	ok	gx_debug/altera_avalon_data_pattern_generator/altera_avalon_data_pattern_generator.sdc
0.008	1942428	15	ok	vip/ip_library/component_ip/utility/alt_vip_custom_reset_synchronizer/reset_sync_block.sdc
0.008	1942428	15	ok	altera_int_osc/altera_int_osc_max10_116.sdc
0.008	180756	66	ok	alt_mem_if/altera_mem_if_sequencer_cpu/altera_mem_if_sequencer_cpu_cv_d4_synth_cpu_inst.sdc
0.008	180756	4	ok	alt_xaui/lib/alt_xaui_phy_assignments.qip
0.008	175168	931	ok	alt_mem_if/alt_mem_if_phys/alt_mem_if_qdrii_phy_core/constraints/sv/memphy.sdc
0.008	171984	28	ok	alt_mem_if/alt_mem_if_controllers/alt_mem_if_lpddr2_controller/altera_avalon_half_rate_bridge_constraints.sdc
0.008	171984	28	ok	alt_mem_if/alt_mem_if_controllers/alt_mem_if_ddr2_controller/altera_avalon_half_rate_bridge_constraints.sdc
0.008	171004	927	ok	alt_mem_if/alt_mem_if_phys/alt_mem_if_ddr3_phy_core/constraints/sv/memphy.sdc
0.008	162904	918	ok	alt_mem_if/alt_mem_if_phys/alt_mem_if_rldramii_phy_core/constraints/sv/memphy.sdc
0.008	162456	1094	ok	alt_mem_if/alt_mem_if_phys/alt_mem_if_qdrii_phy_core/constraints/memphy.sdc
0.008	15528	64	ok	alt_eth_40g_100g/40gbe/example/common/common_settings_sv_kr4.qsf
0.008	15528	4	ok	alt_eth_40g_100g/100gbe/example/common/alt_e100_sys_pll_sv/alt_e100_sys_pll_sv/alt_e100_sys_pll_sv_0002.qip
0.008	15528	30	ok	alt_eth_40g_100g/40gbe/example/alt_e40_rx_top_sv/alt_e40_rx_top_sv.qpf
0.008	15528	30	ok	alt_eth_40g_100g/40gbe/example/alt_e40_avalon_top_sv_kr4/alt_e40_avalon_top_sv_kr4.qpf
0.008	15528	30	ok	alt_eth_40g_100g/40gbe/example/alt_e40_avalon_top_siv/alt_e40_avalon_top_siv.qpf
0.008	15528	104	ok	alt_eth_40g_100g/40gbe/example/common/alt_e40_e_reco/alt_e40_e_reco/alt_xcvr_reconfig.sdc
0.008	15524	7	ok	alt_eth_40g_100g/40gbe/example/alt_e40_tx_top_siv/alt_e40_tx_top_siv.qsf
0.008	15524	7	ok	alt_eth_40g_100g/40gbe/example/alt_e40_rx_top_sv/alt_e40_rx_top_sv.qsf
0.008	15524	7	ok	alt_eth_40g_100g/100gbe/example/alt_e100_tx_top_siv/alt_e100_tx_top_siv.qsf
0.008	15524	6	ok	alt_eth_40g_100g/40gbe/example/common/alt_e40_sys_pll_siv/alt_e40_sys_pll_siv.qip
0.008	15524	339	ok	alt_eth_40g_100g/40gbe/example/common/alt_e40_sys_pll_sv_100/alt_e40_sys_pll_sv_100.qip
0.008	15524	30	ok	alt_eth_40g_100g/40gbe/example/common/alt_e40_e_reco/alt_e40_e_reco/altera_reset_controller.sdc
0.008	15520	95	ok	alt_eth_40g_100g/40gbe/example/common/common_settings_siv.qsf
0.008	15520	4	ok	alt_eth_40g_100g/40gbe/example/common/alt_e40_sys_pll_sv/alt_e40_sys_pll_sv/alt_e40_sys_pll_sv_0002.qip
0.008	15520	30	ok	alt_eth_40g_100g/40gbe/example/alt_e40_rx_top_siv/alt_e40_rx_top_siv.qpf
0.008	15520	30	ok	alt_eth_40g_100g/40gbe/example/alt_e40_avalon_top_sv/alt_e40_avalon_top_sv.qpf
0.008	15520	30	ok	alt_eth_40g_100g/100gbe/example/alt_e100_top_sv_caui4/alt_e100_top_sv_caui4.qpf
0.008	15520	30	ok	alt_eth_40g_100g/100gbe/example/alt_e100_top_siv/alt_e100_top_siv.qpf
0.008	15520	146	ok	alt_eth_40g_100g/40gbe/example/common/alt_e40_e_reco/alt_e40_e_reco.qip
0.008	15512	8	ok	alt_eth_40g_100g/40gbe/example/alt_e40_top_siv/alt_e40_top_siv.qsf
0.008	15512	7	ok	alt_eth_40g_100g/40gbe/example/alt_e40_tx_top_sv/alt_e40_tx_top_sv.qsf
0.008	15512	7	ok	alt_eth_40g_100g/40gbe/example/alt_e40_rx_top_siv/alt_e40_rx_top_siv.qsf
0.008	15512	7	ok	alt_eth_40g_100g/100gbe/example/alt_e100_tx_top_sv/alt_e100_tx_top_sv.qsf
0.008	15512	15	ok	alt_eth_40g_100g/100gbe/example/common/common_timing.sdc
0.008	152144	88	ok	alt_interlaken/alt_interlaken_sdc_files/alt_ntrlkn_4l_6g.sdc
0.008	152144	30	ok	alt_interlaken_hp/testbench/example_design_hw_a10/example_design.qpf
0.008	152144	30	ok	alt_interlaken_hp/testbench/example_design_50g_a10_board_level/example_design.qpf
0.008	152144	182	ok	alt_interlaken_hp/testbench/example_design_hw_a10/example_design_24x6G.qsf
0.008	152144	170	ok	alt_interlaken_hp/testbench/example_design_100g_a10_board_level/example_design.qsf
0.008	144796	66	ok	alt_interlaken_hp/ilk_top/cut_path_12lane_a10.sdc
0.008	144796	64	ok	alt_interlaken/design_examples/alt_interlaken_8lane_6g/alt_interlaken_8lane_6g.sdc
0.008	144796	30	ok	alt_interlaken_hp/testbench/example_design_100g_a10_board_level/example_design.qpf
0.008	144796	161	ok	alt_interlaken_hp/ilk_50g_top/ilk_50g_top.sdc
0.007	15512	7	ok	alt_eth_40g_100g/40gbe/example/alt_e40_top_sv_kr4/alt_e40_top_sv_kr4.qsf
0.007	144796	364	ok	alt_interlaken_hp/ilk_top/ilk_core_12lane_a10.sdc
